project_name,location,location_map,location_match,location_corrected
Avida Towers Verte,"Taguig, Metro Manila","BGC, Taguig, Metro Manila",TRUE,
Two Central,"Makati, Metro Manila","Bel-Air, Makati, Metro Manila",TRUE,
Avida Towers Prime Taft,"Pasay, Metro Manila","Barangay 36, Pasay, Metro Manila",TRUE,
Sage Residences,"Mandaluyong, Metro Manila","Mauway, Mandaluyong, Metro Manila",TRUE,
Avida Towers Turf,"Taguig, Metro Manila","BGC, Taguig, Metro Manila",TRUE,
The Trion Towers II,"Taguig, Metro Manila","BGC, Taguig, Metro Manila",TRUE,
Coastal Luxury Residences,"Parañaque, Metro Manila","Tambo, Parañaque, Metro Manila",TRUE,
Greenbelt Chancellor,"Makati, Metro Manila","San Lorenzo, Makati, Metro Manila",TRUE,
Kizuna Heights,"Pasay, Metro Manila","Malate, Manila, Metro Manila",FALSE,"Malate, Manila, Metro Manila"
Two Roxas Triangle,Metro Manila,"Urdaneta, Makati, Metro Manila",TRUE,
Coast Residences,"Pasay, Metro Manila","Barangay 76, Pasay, Metro Manila",TRUE,
The Velaris Residences,Metro Manila,"Manggahan, Pasig, Metro Manila",TRUE,
Icon Residences,"Taguig, Metro Manila","BGC, Taguig, Metro Manila",TRUE,
Allegra Garden Place,"Pasig, Metro Manila","Bagong Ilog, Pasig, Metro Manila",TRUE,
Alder Residences,"Taguig, Metro Manila","San Miguel, Taguig, Metro Manila",TRUE,
The Crestmont,Metro Manila,"South Triangle, Quezon City, Metro Manila",TRUE,
Cameron Residences,"Quezon City, Metro Manila","Mariblo, Quezon City, Metro Manila",TRUE,
Belize Oasis,"Muntinlupa, Metro Manila","Alabang, Muntinlupa, Metro Manila",TRUE,
Shang Residences Wack Wack,"Mandaluyong, Metro Manila","Addition Hills, Mandaluyong, Metro Manila",TRUE,
Valencia Hills,"Quezon City, Metro Manila","Valencia, Quezon City, Metro Manila",TRUE,
Siena Tower,"Pasay, Metro Manila","Marikina, Metro Manila",FALSE,"Marikina, Metro Manila"
The Capital Towers,"Quezon City, Metro Manila","Kalusugan, Quezon City, Metro Manila",TRUE,
The Residences at Greenbelt,"Makati, Metro Manila","San Lorenzo, Makati, Metro Manila",TRUE,
The Residences at Bonifacio Civic Center,"Taguig, Metro Manila","BGC, Taguig, Metro Manila",TRUE,
110 Benavidez,"Makati, Metro Manila","San Lorenzo, Makati, Metro Manila",TRUE,
Southkey Place,"Muntinlupa, Metro Manila","Alabang, Muntinlupa, Metro Manila",TRUE,
Woodsville Crest 3,"Parañaque, Metro Manila","Merville, Parañaque, Metro Manila",TRUE,
Regent Parkway,"Taguig, Metro Manila","BGC, Taguig, Metro Manila",TRUE,
Pacific Plaza Tower,"Taguig, Metro Manila","BGC, Taguig, Metro Manila",TRUE,
Arya Residences Tower 2,"Taguig, Metro Manila","BGC, Taguig, Metro Manila",TRUE,
Arya Residences Tower 1,"Taguig, Metro Manila","BGC, Taguig, Metro Manila",TRUE,
The Linear,"Makati, Metro Manila","San Antonio, Makati, Metro Manila",TRUE,
The Levels,"Muntinlupa, Metro Manila","Alabang, Muntinlupa, Metro Manila",TRUE,
Studio City,"Muntinlupa, Metro Manila","Alabang, Muntinlupa, Metro Manila",TRUE,
One Sierra,"Mandaluyong, Metro Manila","Highway Hills, Mandaluyong, Metro Manila",TRUE,
The Hermosa,"Las Piñas, Metro Manila","Pulang Lupa Uno, Las Piñas, Metro Manila",TRUE,
Sands Residences,"Manila, Metro Manila","Malate, Manila, Metro Manila",TRUE,
Mint Residences,"Makati, Metro Manila","Urdaneta, Makati, Metro Manila",TRUE,
Pine Crest Towers,"Quezon City, Metro Manila","Pasong Tamo, Quezon City, Metro Manila",TRUE,
Torre Lorenzo Malate,"Manila, Metro Manila","Malate, Manila, Metro Manila",TRUE,
Torre Lorenzo Loyola,"Quezon City, Metro Manila","Loyola Heights, Quezon City, Metro Manila",TRUE,
3Torre Lorenzo,"Manila, Metro Manila","Malate, Manila, Metro Manila",TRUE,
South 2 Residences,"Las Piñas, Metro Manila","Almanza Uno, Las Piñas, Metro Manila",TRUE,
Acacia Escalades,"Pasig, Metro Manila","Manggahan, Pasig, Metro Manila",TRUE,
The Radiance Manila Bay – North Tower,"Pasay, Metro Manila","Barangay 2, Pasay, Metro Manila",TRUE,
"The Magnolia residences – Tower A, B, and C","Quezon City, Metro Manila","Kaunlaran, Quezon City, Metro Manila",TRUE,
The Magnolia residences – Tower D,"Quezon City, Metro Manila","Kaunlaran, Quezon City, Metro Manila",TRUE,
The Radiance Manila Bay – South Tower,"Pasay, Metro Manila","Barangay 2, Pasay, Metro Manila",TRUE,
The Sapphire Bloc – East Tower,"Pasig, Metro Manila","San Antonio, Pasig, Metro Manila",TRUE,
Acacia Escalades – Building B,"Pasig, Metro Manila","Manggahan, Pasig, Metro Manila",TRUE,
Gem Residences,"Pasig, Metro Manila","Ugong, Pasig, Metro Manila",TRUE,
Viento at Cerca,"Muntinlupa, Metro Manila","Almanza Dos, Las Piñas, Metro Manila",FALSE,"Almanza Uno, Las Piñas, Metro Manila"
Parkford Suites Legazpi,"Makati, Metro Manila","San Lorenzo, Makati, Metro Manila",TRUE,
Park Cascades at Arca South,"Taguig, Metro Manila","Western Bicutan, Taguig, Metro Manila",TRUE,
Orean Place at Vertis North,"Quezon City, Metro Manila","Bagong Pag-Asa, Quezon City, Metro Manila",TRUE,
The Spectrum,"Pasig, Metro Manila","Wack-Wack Greenhills, Mandaluyong, Metro Manila",FALSE,"Ortigas Center, Pasig, Metro Manila"
MidPark Towers,"Parañaque, Metro Manila","Baclaran, Parañaque, Metro Manila",TRUE,
The Arton,"Quezon City, Metro Manila","Loyola Heights, Quezon City, Metro Manila",TRUE,
Avida Towers Verge,"Mandaluyong, Metro Manila","Highway Hills, Mandaluyong, Metro Manila",TRUE,
La Vie Flats,"Muntinlupa, Metro Manila","Alabang, Muntinlupa, Metro Manila",TRUE,
Hawthorne Heights,"Quezon City, Metro Manila","Loyola Heights, Quezon City, Metro Manila",TRUE,
Shore 3 Residences,"Pasay, Metro Manila","Barangay 76, Pasay, Metro Manila",TRUE,
S Residences,"Pasay, Metro Manila","Barangay 76, Pasay, Metro Manila",TRUE,
Mergent Residences,"Makati, Metro Manila","Poblacion, Makati, Metro Manila",TRUE,
The Lattice at Parklinks,"Pasig, Metro Manila","Ugong Norte, Quezon City, Metro Manila",FALSE,"Pasig, Metro Manila"
Avida Towers Cloverleaf,"Quezon City, Metro Manila","Balingasa, Quezon City, Metro Manila",TRUE,
Arbor Lanes,"Taguig, Metro Manila","Western Bicutan, Taguig, Metro Manila",TRUE,
Callisto 2,"Makati, Metro Manila","Carmona, Makati, Metro Manila",TRUE,
Garden Court,"Taguig, Metro Manila","Western Bicutan, Taguig, Metro Manila",TRUE,
Portico,"Pasig, Metro Manila","Oranbo, Pasig, Metro Manila",TRUE,
Sentrove at Cloverleaf,"Quezon City, Metro Manila","Balingasa, Quezon City, Metro Manila",TRUE,
Palm Beach West,"Pasay, Metro Manila","Barangay 76, Pasay, Metro Manila",TRUE,
Copeton Baysuites,"Parañaque, Metro Manila","Tambo, Parañaque, Metro Manila",TRUE,
Light 2 Residences,"Mandaluyong, Metro Manila","Barangka Ilaya, Mandaluyong, Metro Manila",TRUE,
Gold Residences,"Parañaque, Metro Manila","Santo Niño, Parañaque, Metro Manila",TRUE,
South Beach Place,"Parañaque, Metro Manila","Tambo, Parañaque, Metro Manila",TRUE,
Cirrus,"Pasig, Metro Manila","Manggahan, Pasig, Metro Manila",TRUE,
Verde Spatial,"Quezon City, Metro Manila","Commonwealth, Quezon City, Metro Manila",TRUE,
Santorini at The Lakefront,"Muntinlupa, Metro Manila","Sucat, Muntinlupa, Metro Manila",TRUE,
Glam Residences,"Quezon City, Metro Manila","South Triangle, Quezon City, Metro Manila",TRUE,
Sail Residences,"Pasay, Metro Manila","Barangay 76, Pasay, Metro Manila",TRUE,
Leaf Residences,"Muntinlupa, Metro Manila","Tunasan, Muntinlupa, Metro Manila",TRUE,
Bloom Residences,"Parañaque, Metro Manila","San Antonio, Parañaque, Metro Manila",TRUE,
The Larsen Tower at East Bay Residences,"Muntinlupa, Metro Manila","Sucat, Muntinlupa, Metro Manila",TRUE,
Activa Flex,"Quezon City, Metro Manila","E. Rodriguez, Quezon City, Metro Manila",TRUE,
The Royalton at Capitol Commons,"Pasig, Metro Manila","Oranbo, Pasig, Metro Manila",TRUE,
Maple at Verdant Towers,"Pasig, Metro Manila","Ugong, Pasig, Metro Manila",TRUE,
Red Residences,"Makati, Metro Manila","Pio Del Pilar, Makati, Metro Manila",TRUE,
Lush Residences,"Makati, Metro Manila","San Antonio, Makati, Metro Manila",TRUE,
Vine Residences,"Quezon City, Metro Manila","San Bartolome, Quezon City, Metro Manila",TRUE,
Satori Residences,"Pasig, Metro Manila","Santolan, Pasig, Metro Manila",TRUE,
The Atherton,"Parañaque, Metro Manila","San Antonio, Parañaque, Metro Manila",TRUE,
The Imperium at Capitol Commons,"Pasig, Metro Manila","Oranbo, Pasig, Metro Manila",TRUE,
The Connor at Greenhhills,"San Juan, Metro Manila","Little Baguio, San Juan, Metro Manila",TRUE,
Circulo Verde,"Quezon City, Metro Manila","Manggahan, Pasig, Metro Manila",FALSE,"Quezon City, Metro Manila"
Studio 7,"Quezon City, Metro Manila","South Triangle, Quezon City, Metro Manila",TRUE,
Panglao Oasis,"Taguig, Metro Manila","Pinagsama, Taguig, Metro Manila",TRUE,
Maven,"Pasig, Metro Manila","Oranbo, Pasig, Metro Manila",TRUE,
The Residences at Commonwealth Quezon City,"Quezon City, Metro Manila","Batasan Hills, Quezon City, Metro Manila",TRUE,
Trump Towers,"Makati, Metro Manila","Poblacion, Makati, Metro Manila",TRUE,
The Milano Residences,"Makati, Metro Manila","Poblacion, Makati, Metro Manila",TRUE,
Aurora Escalades_,"Quezon City, Metro Manila","San Roque, Quezon City, Metro Manila",TRUE,
Fairlane Residences,"Pasig, Metro Manila","Kapitolyo, Pasig, Metro Manila",TRUE,
12 Luxury Flats,"San Juan, Metro Manila","Little Baguio, San Juan, Metro Manila",TRUE,
Kai Garden Residences,"Mandaluyong, Metro Manila","Malamig, Mandaluyong, Metro Manila",TRUE,
Omni Gardens,"Manila, Metro Manila","Quiapo, Manila, Metro Manila",TRUE,
The Olive Place,"Mandaluyong, Metro Manila","Plainview, Mandaluyong, Metro Manila",TRUE,
The Orabella,"Quezon City, Metro Manila","Pasong Tamo, Quezon City, Metro Manila",TRUE,
One Eastwood Avenue Tower 2,"Quezon City, Metro Manila","Pasong Tamo, Quezon City, Metro Manila",TRUE,
One Eastwood Avenue Tower 1,"Quezon City, Metro Manila","Pasong Tamo, Quezon City, Metro Manila",TRUE,
Calathea Place,"Parañaque, Metro Manila","San Antonio, Parañaque, Metro Manila",TRUE,
Palm Grove,"Parañaque, Metro Manila","Don Bosco, Parañaque, Metro Manila",TRUE,
The Residences at The Westin Manila Sonata Place,"Mandaluyong, Metro Manila","Wack-Wack Greenhills, Mandaluyong, Metro Manila",TRUE,
Sunshine 100 City Plaza,"Mandaluyong, Metro Manila","Buayang Bato, Mandaluyong, Metro Manila",TRUE,
Pacific Plaza Condominium,"Makati, Metro Manila","Urdaneta, Makati, Metro Manila",TRUE,
Mercedes Residences,"Pasig, Metro Manila","San Miguel, Pasig, Metro Manila",TRUE,
SMDC LIGHT RESIDENCE,"Mandaluyong, Metro Manila","Plainview, Mandaluyong, Metro Manila",TRUE,
Prisma Residences,"Pasig, Metro Manila","Bagong Ilog, Pasig, Metro Manila",TRUE,
Bay Area Suites Condominium,"Manila, Metro Manila","Quiapo, Manila, Metro Manila",TRUE,
Oak Harbor Residences,"Parañaque, Metro Manila","Don Bosco, Parañaque, Metro Manila",TRUE,
INFINA TOWERS,"Quezon City, Metro Manila","Marilag, Quezon City, Metro Manila",TRUE,
LAKEVIEW MANORS,"Taguig, Metro Manila","Ususan, Taguig, Metro Manila",TRUE,
Brixton Place,"Pasig, Metro Manila","Kapitolyo, Pasig, Metro Manila",TRUE,
THE CELANDINE,"Quezon City, Metro Manila","Balingasa, Quezon City, Metro Manila",TRUE,
San francisco Garden Condominium,"Mandaluyong, Metro Manila","Barangka Itaas, Mandaluyong, Metro Manila",TRUE,
The Courtyard at the Pacific Residences,"Las Piñas, Metro Manila","Salawag, Dasmariñas, Cavite",FALSE,"Taguig, Metro Manila"
The Currency - Commercial and Office Units for Sale,"Pasig, Metro Manila","San Antonio, Pasig, Metro Manila",TRUE,
Melbourne Residences,"Makati, Metro Manila","Urdaneta, Makati, Metro Manila",TRUE,
The Trion Towers I,"Taguig, Metro Manila","BGC, Taguig, Metro Manila",TRUE,
West Gallery Place,"Taguig, Metro Manila","BGC, Taguig, Metro Manila",TRUE,
Park Central Towers,"Makati, Metro Manila","Urdaneta, Makati, Metro Manila",TRUE,
Woodsville Viverde Mansions,"Parañaque, Metro Manila","Merville, Parañaque, Metro Manila",TRUE,
The Fifth Avenue Place,"Taguig, Metro Manila","BGC, Taguig, Metro Manila",TRUE,
Escalades South Metro,Metro Manila,"Salapan, San Juan, Metro Manila",TRUE,
Escalades @20th Avenue,"Quezon City, Metro Manila","San Roque, Quezon City, Metro Manila",TRUE,
Adriatico Place,"Manila, Metro Manila","Malate, Manila, Metro Manila",TRUE,
"Asiana Oasis, Parañaque City","Parañaque, Metro Manila","Metro Manila, Parañaque",FALSE,"Parañaque, Metro Manila"
Chimes Greenhills,"San Juan, Metro Manila","Greenhills, San Juan, Metro Manila",TRUE,
Acacia Escalades,"Pasig, Metro Manila","Manggahan, Pasig, Metro Manila",TRUE,
Amaia Steps Bicutan 1,"Parañaque, Metro Manila","Sun Valley, Parañaque, Metro Manila",TRUE,
Amaia Steps Alabang,"Las Piñas, Metro Manila","Almanza Dos, Las Piñas, Metro Manila",TRUE,
Amaia Skies Sta. Mesa - South Tower,"Manila, Metro Manila","Quiapo, Manila, Metro Manila",TRUE,
Amaia Skies Shaw - North Tower,"Mandaluyong, Metro Manila","Plainview, Mandaluyong, Metro Manila",TRUE,
Amaia Skies Cubao,"Quezon City, Metro Manila","Pasong Tamo, Quezon City, Metro Manila",TRUE,
Amaia Skies Avenida - North Tower,"Manila, Metro Manila","Quiapo, Manila, Metro Manila",TRUE,
High Street South Block,"Taguig, Metro Manila","Pinagsama, Taguig, Metro Manila",TRUE,
The Suites at One Bonifacio High Street,"Taguig, Metro Manila","Pinagsama, Taguig, Metro Manila",TRUE,
One Serendra,"Taguig, Metro Manila","BGC, Taguig, Metro Manila",TRUE,
Avida Towers Vita,"Quezon City, Metro Manila","Metro Manila, Quezon City",FALSE,"Quezon City, Metro Manila"
Avida Towers Davao,Metro Manila,Metro Manila,TRUE,
One Park Drive,"Taguig, Metro Manila","Metro Manila, Taguig",FALSE,"Taguig, Metro Manila"
Greenbelt Hamilton 2,"Makati, Metro Manila","San Lorenzo, Makati, Metro Manila",TRUE,
San Antonio Residence,"Makati, Metro Manila","San Antonio, Makati, Metro Manila",TRUE,
Tres Palmas,"Taguig, Metro Manila","Bagong Tanyag, Taguig, Metro Manila",TRUE,
Axis Residences,"Mandaluyong, Metro Manila","Highway Hills, Mandaluyong, Metro Manila",TRUE,
Raya Gardens,"Parañaque, Metro Manila","Merville, Parañaque, Metro Manila",TRUE,
Alphaland Makati Place,"Makati, Metro Manila","Bangkal, Makati, Metro Manila",TRUE,
Icon Plaza,"Taguig, Metro Manila","BGC, Taguig, Metro Manila",TRUE,
symfoni kamias,"Quezon City, Metro Manila","Ramon Magsaysay, Quezon City, Metro Manila",TRUE,
Manggahan Village,"Pasig, Metro Manila","Bagong Ilog, Pasig, Metro Manila",TRUE,
Fairways Tower,"Taguig, Metro Manila","BGC, Taguig, Metro Manila",TRUE,
Solano Hills Sucat,"Muntinlupa, Metro Manila","Alabang, Muntinlupa, Metro Manila",TRUE,
Arezzo Place Pasig,"Pasig, Metro Manila","San Joaquin, Pasig, Metro Manila",TRUE,
ASIA Enclaves Alabang,"Muntinlupa, Metro Manila","Alabang, Muntinlupa, Metro Manila",TRUE,
Flora Vista,"Quezon City, Metro Manila","Commonwealth, Quezon City, Metro Manila",TRUE,
San Benissa Garden,"Quezon City, Metro Manila","Pasong Putik Proper, Quezon City, Metro Manila",TRUE,
Spazio Bernardo West Villas,"Quezon City, Metro Manila","Gulod, Quezon City, Metro Manila",TRUE,
Sunny Villas,"Quezon City, Metro Manila","Gulod, Quezon City, Metro Manila",TRUE,
The Forbes Hall,"Manila, Metro Manila","Manila, Metro Manila",TRUE,
Shangri-La at The Fort,"Taguig, Metro Manila","Bagong Tanyag, Taguig, Metro Manila",TRUE,
BRESCIA RESIDENCES,"Quezon City, Metro Manila","Pasong Tamo, Quezon City, Metro Manila",TRUE,
PINE CREST,"Quezon City, Metro Manila","Mariana, Quezon City, Metro Manila",TRUE,
PRESIDIO AT LAKEFRONT,"Muntinlupa, Metro Manila","Sucat, Muntinlupa, Metro Manila",TRUE,
Sonria,"Muntinlupa, Metro Manila","Alabang, Muntinlupa, Metro Manila",TRUE,
The Bellagio 2,"Taguig, Metro Manila","Pinagsama, Taguig, Metro Manila",TRUE,
Mckinley West Village,"Taguig, Metro Manila","Pinagsama, Taguig, Metro Manila",TRUE,
The Avenue Residences,"Quezon City, Metro Manila","Talipapa, Quezon City, Metro Manila",TRUE,
1322 Golden Empire Tower,"Manila, Metro Manila","Ermita, Manila, Metro Manila",TRUE,
Moldex Residences Valenzuela,"Manila, Metro Manila","Paso de Blas, Valenzuela, Metro Manila",FALSE,"Paso de Blas, Valenzuela, Metro Manila"
The Grand Towers Manila,"Manila, Metro Manila","Malate, Manila, Metro Manila",TRUE,
One Shangri-La Place,"Mandaluyong, Metro Manila","Wack-Wack Greenhills, Mandaluyong, Metro Manila",TRUE,
The Saint Francis Shangri-la Place,"Mandaluyong, Metro Manila","Highway Hills, Mandaluyong, Metro Manila",TRUE,
Shang Salcedo Place,"Makati, Metro Manila","Bel-Air, Makati, Metro Manila",TRUE,
The Rise Makati By Shangrila,"Makati, Metro Manila","San Antonio, Makati, Metro Manila",TRUE,
Hacienda Balai,"Quezon City, Metro Manila","Barangay 177, Quezon City, Metro Manila",TRUE,
La Nobleza Terrazas,"Manila, Metro Manila","Malate, Manila, Metro Manila",TRUE,
The TREVI TOWERS,Metro Manila,"Tugatog, Malabon, Metro Manila",TRUE,
The Manila Residences,"Manila, Metro Manila","Malate, Manila, Metro Manila",TRUE,
dakotaresidences,Metro Manila,"Tugatog, Malabon, Metro Manila",TRUE,
Madison Park West,"Taguig, Metro Manila","Pinagsama, Taguig, Metro Manila",TRUE,
East of Galleria,"Pasig, Metro Manila","San Antonio, Pasig, Metro Manila",TRUE,
Shore 2 Residences,"Pasay, Metro Manila","Malate, Manila, Metro Manila",FALSE,"Pasay, Metro Manila"
The Royalton,"Pasig, Metro Manila","Oranbo, Pasig, Metro Manila",TRUE,
Majorca Tower,"Quezon City, Metro Manila","Ramon Magsaysay, Quezon City, Metro Manila",TRUE,
Avila at Circulo Verde,"Quezon City, Metro Manila","Bagumbayan, Quezon City, Metro Manila",TRUE,
Lleida Tower,"Quezon City, Metro Manila","Bagumbayan, Quezon City, Metro Manila",TRUE,
Seville Residences,"Quezon City, Metro Manila","Bagumbayan, Quezon City, Metro Manila",TRUE,
Ibiza at Circulo Verde,"Quezon City, Metro Manila","Manggahan, Pasig, Metro Manila",FALSE,"Quezon City, Metro Manila"
Vinia Residences,"Quezon City, Metro Manila","Phil-Am, Quezon City, Metro Manila",TRUE,
Amaia Steps Nova,"Quezon City, Metro Manila","Pasong Tamo, Quezon City, Metro Manila",TRUE,
One Oasis Ortigas,"Pasig, Metro Manila","Santa Lucia, Pasig, Metro Manila",TRUE,
Solstice at Circuit Makati,"Makati, Metro Manila","Carmona, Makati, Metro Manila",TRUE,
High Park at Vertis North,"Quezon City, Metro Manila","Bagong Pag-Asa, Quezon City, Metro Manila",TRUE,
Park Triangle Residences,"Taguig, Metro Manila","BGC, Taguig, Metro Manila",TRUE,
Avida Towers Intima,"Manila, Metro Manila","Metro Manila, Manila",FALSE,"Paco, Manila, Metro Manila"
One Antonio,"Makati, Metro Manila","San Antonio, Makati, Metro Manila",TRUE,
Eight Wack Wack,"Mandaluyong, Metro Manila","Plainview, Mandaluyong, Metro Manila",TRUE,
Amvel Mansions,Metro Manila,"Tugatog, Malabon, Metro Manila",TRUE,
Elizabeth Place,"Makati, Metro Manila","Bel-Air, Makati, Metro Manila",TRUE,
Grand Hamptons,"Taguig, Metro Manila","Forbes Park North, Makati, Metro Manila",FALSE,"Taguig, Metro Manila"
Dansalan Garden,"Mandaluyong, Metro Manila","Malamig, Mandaluyong, Metro Manila",TRUE,
Portovita Condominium,"Quezon City, Metro Manila","Socorro, Quezon City, Metro Manila",TRUE,
Sea Residences Tower A,"Pasay, Metro Manila","Barangay 97, Pasay, Metro Manila",TRUE,
Greenbelt Parkplace,"Makati, Metro Manila","Urdaneta, Makati, Metro Manila",TRUE,
Larossa In Capitol Hills,"Quezon City, Metro Manila","Matandang Balara, Quezon City, Metro Manila",TRUE,
Escala Salcedo,"Makati, Metro Manila","Bel-Air, Makati, Metro Manila",TRUE,
Victoria De Manila 2,"Manila, Metro Manila","Malate, Manila, Metro Manila",TRUE,
Torre Central,"Manila, Metro Manila","Manila, Metro Manila",TRUE,
COVENT GARDEN,"Manila, Metro Manila","Santa Mesa, Manila, Metro Manila",TRUE,
One Shangrila Place Ortigas,"Mandaluyong, Metro Manila","Metro Manila, Mandaluyong",FALSE,"Ortigas Center, Mandaluyong, Metro Manila"
Elements Eco-Efficient Residences,"Las Piñas, Metro Manila","Kapitolyo, Pasig, Metro Manila",FALSE,"Kapitolyo, Pasig, Metro Manila"
Royal Palm Villa,Metro Manila,"Tugatog, Malabon, Metro Manila",TRUE,
One Central Tower 1,"Makati, Metro Manila","Urdaneta, Makati, Metro Manila",TRUE,
Mezza II Residences,"Quezon City, Metro Manila","Pasong Tamo, Quezon City, Metro Manila",TRUE,
One Nenita Place,"Quezon City, Metro Manila","Ramon Magsaysay, Quezon City, Metro Manila",TRUE,
Vivaldi Residences,"Quezon City, Metro Manila","Ramon Magsaysay, Quezon City, Metro Manila",TRUE,
Amaia Steps Novaliches,"Quezon City, Metro Manila","Ramon Magsaysay, Quezon City, Metro Manila",TRUE,
WILL TOWER,"Quezon City, Metro Manila","Ramon Magsaysay, Quezon City, Metro Manila",TRUE,
Circulo Verde Lleida,"Quezon City, Metro Manila","Metro Manila, Quezon City",FALSE,"Quezon City, Metro Manila"
The Manors at Celebrity Place,"Quezon City, Metro Manila","Ramon Magsaysay, Quezon City, Metro Manila",TRUE,
Grass Residences,"Quezon City, Metro Manila","Alicia, Quezon City, Metro Manila",TRUE,
One Metropolitan Place,"Pasay, Metro Manila","Malate, Manila, Metro Manila",FALSE,"Pasay, Metro Manila"
Studio Zen Taft,"Pasay, Metro Manila","Malate, Manila, Metro Manila",FALSE,"Pasay, Metro Manila"
The Parkside Villa,"Pasay, Metro Manila","Malate, Manila, Metro Manila",FALSE,"Pasay, Metro Manila"
Pinecrest,"Quezon City, Metro Manila","Ramon Magsaysay, Quezon City, Metro Manila",TRUE,
Oceanaire Luxurious Residences,"Pasay, Metro Manila","Malate, Manila, Metro Manila",FALSE,"Pasay, Metro Manila"
MANILA RESIDENCES,"Manila, Metro Manila","Tondo, Manila, Metro Manila",TRUE,
CIVIC PLACE,"Muntinlupa, Metro Manila","Alabang, Muntinlupa, Metro Manila",TRUE,
MONTECITO RESIDENTIAL RESORT,"Pasay, Metro Manila","Malate, Manila, Metro Manila",FALSE,"Pasay, Metro Manila"
CORINTHIAN EXECUTIVE REGENCY,"Pasig, Metro Manila","Bagong Ilog, Pasig, Metro Manila",TRUE,
One Mckinley Place,"Taguig, Metro Manila","BGC, Taguig, Metro Manila",TRUE,
MANHATTAN GARDEN,"Quezon City, Metro Manila","Ramon Magsaysay, Quezon City, Metro Manila",TRUE,
South of Market Private Residences (SOMA),"Taguig, Metro Manila","Bagong Tanyag, Taguig, Metro Manila",TRUE,
CHERRY ORCHARD SUITES,"Quezon City, Metro Manila","Ramon Magsaysay, Quezon City, Metro Manila",TRUE,
ANUVA CONDO,"Muntinlupa, Metro Manila","Alabang, Muntinlupa, Metro Manila",TRUE,
PALMDALE HEIGHTS,"Pasig, Metro Manila","Bagong Ilog, Pasig, Metro Manila",TRUE,
BSA Twin Tower,"Mandaluyong, Metro Manila","Wack-Wack Greenhills, Mandaluyong, Metro Manila",TRUE,
GA Tower Two,"Mandaluyong, Metro Manila","Addition Hills, Mandaluyong, Metro Manila",TRUE,
The Viceroy Residences,"Taguig, Metro Manila","Bagong Tanyag, Taguig, Metro Manila",TRUE,
One Uptown Residences,"Taguig, Metro Manila","South Cembo, Makati, Metro Manila",FALSE,"Taguig, Metro Manila"
One Orchard Road,"Quezon City, Metro Manila","Ramon Magsaysay, Quezon City, Metro Manila",TRUE,
Number One West Tower,"Makati, Metro Manila","Bangkal, Makati, Metro Manila",TRUE,
University Tower,"Makati, Metro Manila","Bangkal, Makati, Metro Manila",TRUE,
The Gramercy Residences,"Makati, Metro Manila","Poblacion, Makati, Metro Manila",TRUE,
One Union Place,"Taguig, Metro Manila","Western Bicutan, Taguig, Metro Manila",TRUE,
329 Armstrong,"Parañaque, Metro Manila","Barangay 76, Pasay, Metro Manila",FALSE,"Parañaque, Metro Manila"
Cityland Shaw Tower,"Mandaluyong, Metro Manila","Addition Hills, Mandaluyong, Metro Manila",TRUE,
Beaufort East Condo,"Taguig, Metro Manila","Bagong Tanyag, Taguig, Metro Manila",TRUE,
Manhattan Square,"Makati, Metro Manila","Bangkal, Makati, Metro Manila",TRUE,
Palawan Tower at Bay Gardens,"Pasay, Metro Manila","Malate, Manila, Metro Manila",FALSE,"Pasay, Metro Manila"
OLYMPIC HEIGHTS,"Quezon City, Metro Manila","Ramon Magsaysay, Quezon City, Metro Manila",TRUE,
Stamford Executive Residences,"Taguig, Metro Manila","Bagong Tanyag, Taguig, Metro Manila",TRUE,
STRATA VIEWS,"San Juan, Metro Manila","Balong-Bato, San Juan, Metro Manila",TRUE,
M PLACE,"Quezon City, Metro Manila","Ramon Magsaysay, Quezon City, Metro Manila",TRUE,
EIGHT FORBESTOWN ROAD,"Taguig, Metro Manila","Bagong Tanyag, Taguig, Metro Manila",TRUE,
The barons place,"San Juan, Metro Manila","Balong-Bato, San Juan, Metro Manila",TRUE,
The Columns Legaspi Village,"Makati, Metro Manila","Bangkal, Makati, Metro Manila",TRUE,
The Palmtree at NewPort City,"Pasay, Metro Manila","Malate, Manila, Metro Manila",FALSE,"Newport Blvd, Pasay, Metro Manila"
Sofia Bellevue,"Quezon City, Metro Manila","Ramon Magsaysay, Quezon City, Metro Manila",TRUE,
MAGNOLIA RESIDENCES,"Quezon City, Metro Manila","Ramon Magsaysay, Quezon City, Metro Manila",TRUE,
THE SHANG GRAND TOWER,"Makati, Metro Manila","San Lorenzo, Makati, Metro Manila",TRUE,
Swire Elan Suites,"San Juan, Metro Manila","Greenhills, San Juan, Metro Manila",TRUE,
Azure Urban Resort Residences Parañaque,"Parañaque, Metro Manila","Marcelo Green Village, Parañaque, Metro Manila",TRUE,
PONTE SALCEDO,"Makati, Metro Manila","Bel-Air, Makati, Metro Manila",TRUE,
Phoenix Heights,"Pasig, Metro Manila","Bagong Ilog, Pasig, Metro Manila",TRUE,
Antel Seaview,"Pasay, Metro Manila","Malate, Manila, Metro Manila",FALSE,"Pasay, Metro Manila"
Grand Soho Makati,"Makati, Metro Manila","Bel-Air, Makati, Metro Manila",TRUE,
THE COLONADE RESIDENCES,"Makati, Metro Manila","Bangkal, Makati, Metro Manila",TRUE,
Sarasota Residential Resort,"Pasay, Metro Manila","Malate, Manila, Metro Manila",FALSE,"Pasay, Metro Manila"
ALPHA SALCEDO,"Makati, Metro Manila","Bel-Air, Makati, Metro Manila",TRUE,
Kensington Place,"Taguig, Metro Manila","BGC, Taguig, Metro Manila",TRUE,
Cityland Rada Regency,"Makati, Metro Manila","Bangkal, Makati, Metro Manila",TRUE,
oriental gardens makati,"Makati, Metro Manila","Bangkal, Makati, Metro Manila",TRUE,
Cityland Pioneer,"Mandaluyong, Metro Manila","Addition Hills, Mandaluyong, Metro Manila",TRUE,
Aston at Two Serendra,"Taguig, Metro Manila","Bagong Tanyag, Taguig, Metro Manila",TRUE,
Sapphire Residences,"Taguig, Metro Manila","BGC, Taguig, Metro Manila",TRUE,
ADRIATICO RESIDENCES,"Manila, Metro Manila","Quiapo, Manila, Metro Manila",TRUE,
EL JARDIN DEL PRESIDENTE 2,"Quezon City, Metro Manila","South Triangle, Quezon City, Metro Manila",TRUE,
Two Maridien,"Taguig, Metro Manila","BGC, Taguig, Metro Manila",TRUE,
EDADES TOWER AND GARDEN VILLAS,"Makati, Metro Manila","Rockwell, Makati, Metro Manila",TRUE,
Joya Lofts and Towers,"Makati, Metro Manila","Rockwell, Makati, Metro Manila",TRUE,
THE COLUMNS LEGAZPI VILLAGE,"Makati, Metro Manila","San Lorenzo, Makati, Metro Manila",TRUE,
GRAND HYATT RESIDENCES,"Taguig, Metro Manila","BGC, Taguig, Metro Manila",TRUE,
ONE BURGUNDY PLAZA,"Quezon City, Metro Manila","Ramon Magsaysay, Quezon City, Metro Manila",TRUE,
Tuscany Private Estate,"Taguig, Metro Manila","McKinley Hill, Taguig, Metro Manila",TRUE,
The Venice Luxury Residences,"Taguig, Metro Manila","McKinley Hill, Taguig, Metro Manila",TRUE,
The Florence Residence,"Taguig, Metro Manila","Bagong Tanyag, Taguig, Metro Manila",TRUE,
Viceroy Residences,"Taguig, Metro Manila","Bagong Tanyag, Taguig, Metro Manila",TRUE,
Sonata Private Residences,"Mandaluyong, Metro Manila","Wack-Wack Greenhills, Mandaluyong, Metro Manila",TRUE,
The Proscenium,"Makati, Metro Manila","Bangkal, Makati, Metro Manila",TRUE,
Verve Residences,"Taguig, Metro Manila","BGC, Taguig, Metro Manila",TRUE,
The Ritz Tower,"Makati, Metro Manila","Bel-Air, Makati, Metro Manila",TRUE,
THE AVANT AT THE FORT,"Taguig, Metro Manila","Bagong Tanyag, Taguig, Metro Manila",TRUE,
KL Mosaic,"Makati, Metro Manila","Bangkal, Makati, Metro Manila",TRUE,
Trump Tower Manila,"Quezon City, Metro Manila","Metro Manila, Quezon City",FALSE,"Makati, Metro Manila"
Signa Designer Residences,"Makati, Metro Manila","Bel-Air, Makati, Metro Manila",TRUE,
The Lerato,"Makati, Metro Manila","Bel-Air, Makati, Metro Manila",TRUE,
The Grand Quartier,Metro Manila,"Tugatog, Malabon, Metro Manila",TRUE,
Cypress Towers,"Taguig, Metro Manila","Bagong Tanyag, Taguig, Metro Manila",TRUE,
Rosewood Pointe,"Taguig, Metro Manila","Ususan, Taguig, Metro Manila",TRUE,
Forbeswood Heights,"Taguig, Metro Manila","Bagong Tanyag, Taguig, Metro Manila",TRUE,
Crescent Park Residences,"Taguig, Metro Manila","Bagong Tanyag, Taguig, Metro Manila",TRUE,
Penhurst Park place,"Taguig, Metro Manila","Forbes Park North, Makati, Metro Manila",FALSE,"Taguig, Metro Manila"
Bonifacio Ridge,"Taguig, Metro Manila","BGC, Taguig, Metro Manila",TRUE,
Essensa Towers,"Taguig, Metro Manila","BGC, Taguig, Metro Manila",TRUE,
mckinley hill garden villas,"Taguig, Metro Manila","Bagong Tanyag, Taguig, Metro Manila",TRUE,
Aic Gold Tower,"Pasig, Metro Manila","Bagong Ilog, Pasig, Metro Manila",TRUE,
Cerritos East Residences,"Pasig, Metro Manila","Bagong Ilog, Pasig, Metro Manila",TRUE,
East Ortigas Mansions,"Pasig, Metro Manila","Bagong Ilog, Pasig, Metro Manila",TRUE,
Renaissance Tower,"Pasig, Metro Manila","Ugong, Pasig, Metro Manila",TRUE,
East Raya Garden,"Pasig, Metro Manila","Bagong Ilog, Pasig, Metro Manila",TRUE,
Bali Oasis Phase,"Pasig, Metro Manila","Bagong Ilog, Pasig, Metro Manila",TRUE,
ADB Avenue Tower,"Pasig, Metro Manila","Bagong Ilog, Pasig, Metro Manila",TRUE,
Alexandra,"Pasig, Metro Manila","Bagong Ilog, Pasig, Metro Manila",TRUE,
Kroma Tower,"Makati, Metro Manila","San Lorenzo, Makati, Metro Manila",TRUE,
KL MALVAR Residences,"Pasig, Metro Manila","Bagong Ilog, Pasig, Metro Manila",TRUE,
Magnolia Place,"Quezon City, Metro Manila","Talipapa, Quezon City, Metro Manila",TRUE,
Mayfield Park Residences,"Pasig, Metro Manila","Rosario, Pasig, Metro Manila",TRUE,
Rainbow Ridge,"Taguig, Metro Manila","Pinagsama, Taguig, Metro Manila",TRUE,
Raya Garden,"Parañaque, Metro Manila","Barangay 76, Pasay, Metro Manila",FALSE,"Merville, Parañaque, Metro Manila"
Joya South Tower,"Makati, Metro Manila","Bangkal, Makati, Metro Manila",TRUE,
Francesca Tower 2,"Quezon City, Metro Manila","Ramon Magsaysay, Quezon City, Metro Manila",TRUE,
One Lafayette Square,"Makati, Metro Manila","Bel-Air, Makati, Metro Manila",TRUE,
Hidalgo Place,"Makati, Metro Manila","Rockwell, Makati, Metro Manila",TRUE,
Salcedo Park,"Makati, Metro Manila","Bel-Air, Makati, Metro Manila",TRUE,
MPlace South Triangle,"Quezon City, Metro Manila","Pasong Tamo, Quezon City, Metro Manila",TRUE,
Parc Regent,"Makati, Metro Manila","Bangkal, Makati, Metro Manila",TRUE,
Manansala Rockwell,"Makati, Metro Manila","Bangkal, Makati, Metro Manila",TRUE,
Edades Tower,"Makati, Metro Manila","Rockwell, Makati, Metro Manila",TRUE,
Makati Executive Towers,"Makati, Metro Manila","Bangkal, Makati, Metro Manila",TRUE,
Hampton Gardens,"Pasig, Metro Manila","Bagong Ilog, Pasig, Metro Manila",TRUE,
The Columns,"Makati, Metro Manila","Bangkal, Makati, Metro Manila",TRUE,
Palmdale Hieghts,"Pasig, Metro Manila","Bagong Ilog, Pasig, Metro Manila",TRUE,
Illumina Residences,"Pasig, Metro Manila","Bagong Ilog, Pasig, Metro Manila",TRUE,
The Grove,"Pasig, Metro Manila","Ugong, Pasig, Metro Manila",TRUE,
Riverfront Residences,"Pasig, Metro Manila","Ugong, Pasig, Metro Manila",TRUE,
Kasara Urban Resort,"Pasig, Metro Manila","Ugong, Pasig, Metro Manila",TRUE,
D Ace Suites,"Pasig, Metro Manila","Bagong Ilog, Pasig, Metro Manila",TRUE,
Centro Residences,"Quezon City, Metro Manila","Kaunlaran, Quezon City, Metro Manila",TRUE,
AMAIA SKIES AVENIDA,"Manila, Metro Manila","Quiapo, Manila, Metro Manila",TRUE,
Amorsolo Square at Rockwell,"Makati, Metro Manila","Rockwell, Makati, Metro Manila",TRUE,
Venice Luxury Residences,"Manila, Metro Manila","McKinley Hill, Taguig, Metro Manila",FALSE,"Venice Grand Canal Mall, Taguig, Metro Manila"
Fraser Place Manila,"Makati, Metro Manila","Bangkal, Makati, Metro Manila",TRUE,
Belton Place Condo,"Makati, Metro Manila","Bangkal, Makati, Metro Manila",TRUE,
Vivant Flats,"Muntinlupa, Metro Manila","Alabang, Muntinlupa, Metro Manila",TRUE,
Presidio Lakefront,"Parañaque, Metro Manila","Barangay 76, Pasay, Metro Manila",FALSE,"Muntinlupa, Metro Manila"
Two Serendra,"Taguig, Metro Manila","BGC, Taguig, Metro Manila",TRUE,
Bellagio Towers,"Taguig, Metro Manila","BGC, Taguig, Metro Manila",TRUE,
Luxe Residences,"Taguig, Metro Manila","Bagong Tanyag, Taguig, Metro Manila",TRUE,
Bonifacio Heights,"Taguig, Metro Manila","Bagong Tanyag, Taguig, Metro Manila",TRUE,
Solemare Parksuites,"Parañaque, Metro Manila","Metro Manila, Parañaque, Baclaran",FALSE,"Parañaque, Metro Manila"
South Residences,"Las Piñas, Metro Manila","Almanza Dos, Las Piñas, Metro Manila",TRUE,
Mango Tree Residences,"San Juan, Metro Manila","Manila, Metro Manila",FALSE,"Pasadena, San Juan, Metro Manila"
California Garden Square,"Mandaluyong, Metro Manila","Addition Hills, Mandaluyong, Metro Manila",TRUE,
KASARA Urban Resort Residences,"Pasig, Metro Manila","Ugong, Pasig, Metro Manila",TRUE,
Dansalan Gardens,"Mandaluyong, Metro Manila","Addition Hills, Mandaluyong, Metro Manila",TRUE,
AMAIA STEPS SUCAT,"Parañaque, Metro Manila","Barangay 76, Pasay, Metro Manila",FALSE,"Parañaque, Metro Manila"
Mondrian Residences,"Muntinlupa, Metro Manila","Alabang, Muntinlupa, Metro Manila",TRUE,
LaVie Flat,"Muntinlupa, Metro Manila","Metro Manila, Muntinlupa",FALSE,"Alabang, Muntinlupa, Metro Manila"
Avida Tower Alabang,"Muntinlupa, Metro Manila","Alabang, Muntinlupa, Metro Manila",TRUE,
Ohana Place,"Las Piñas, Metro Manila","Almanza Uno, Las Piñas, Metro Manila",TRUE,
Almanza Metropolis,"Las Piñas, Metro Manila","Almanza Dos, Las Piñas, Metro Manila",TRUE,
The Residential Resort At Newport City,"Pasay, Metro Manila","Malate, Manila, Metro Manila",FALSE,"Pasay, Metro Manila"
Pioneer Pointe,"Mandaluyong, Metro Manila","Highway Hills, Mandaluyong, Metro Manila",TRUE,
Lee Gardens,"Mandaluyong, Metro Manila","Addition Hills, Mandaluyong, Metro Manila",TRUE,
Tivoli Gardens Residences,"Mandaluyong, Metro Manila","Addition Hills, Mandaluyong, Metro Manila",TRUE,
The St. Francis Shangri-La Place,"Mandaluyong, Metro Manila","Addition Hills, Mandaluyong, Metro Manila",TRUE,
Soho Central,"Mandaluyong, Metro Manila","Highway Hills, Mandaluyong, Metro Manila",TRUE,
Sycamore Tower Dansalan Gardens,"Mandaluyong, Metro Manila","Malamig, Mandaluyong, Metro Manila",TRUE,
GATEWAY GARDEN HEIGHTS (GGH),"Manila, Metro Manila","Quiapo, Manila, Metro Manila",TRUE,
The Bonifacio Residences,"Mandaluyong, Metro Manila","Addition Hills, Mandaluyong, Metro Manila",TRUE,
Acqua Private Residences,"Mandaluyong, Metro Manila","Hulo, Mandaluyong, Metro Manila",TRUE,
The Viceroy,"Manila, Metro Manila","McKinley Hill, Taguig, Metro Manila",FALSE,"McKinley Hill, Taguig, Metro Manila"
The Infinity,"Taguig, Metro Manila","Pinagsama, Taguig, Metro Manila",TRUE,
The Icon,"Manila, Metro Manila","Tondo, Manila, Metro Manila",TRUE,
The Bellagio 3,"Taguig, Metro Manila","BGC, Taguig, Metro Manila",TRUE,
The Aston At Two Serendra,"Taguig, Metro Manila","Bagong Tanyag, Taguig, Metro Manila",TRUE,
Seibu Tower,"Taguig, Metro Manila","Bagong Tanyag, Taguig, Metro Manila",TRUE,
Fort Palm Spring,"Taguig, Metro Manila","Bagong Tanyag, Taguig, Metro Manila",TRUE,
Woodsville Viverde Mansion,"Manila, Metro Manila","Tondo, Manila, Metro Manila",TRUE,
Tribeca Private Residences,"Manila, Metro Manila","Tondo, Manila, Metro Manila",TRUE,
Lions Park Residences,"Parañaque, Metro Manila","Barangay 76, Pasay, Metro Manila",FALSE,"Sta Ana Dr, Parañaque, Metro Manila"
Fountain Breeze,"Manila, Metro Manila","Tondo, Manila, Metro Manila",TRUE,
MALATE BAYVIEW MANSION,"Manila, Metro Manila","Tondo, Manila, Metro Manila",TRUE,
BAYWATCH TOWER,"Manila, Metro Manila","Malate, Manila, Metro Manila",TRUE,
Rada Regency,"Makati, Metro Manila","Bangkal, Makati, Metro Manila",TRUE,
Kingswood Square,"Makati, Metro Manila","Bangkal, Makati, Metro Manila",TRUE,
THE GRAND MIDORI MAKATI,"Makati, Metro Manila","San Lorenzo, Makati, Metro Manila",TRUE,
The Manors at North Belton Communities,"Quezon City, Metro Manila","Tondo, Manila, Metro Manila",FALSE,"Grace Park East, Manila, Metro Manila"
Eton Residences Greenbelt,"Makati, Metro Manila","San Lorenzo, Makati, Metro Manila",TRUE,
trump tower,"Makati, Metro Manila","Metro Manila, Makati",FALSE,"Makati, Metro Manila"
Avida Towers Sucat,"Parañaque, Metro Manila","Barangay 76, Pasay, Metro Manila",FALSE,"Parañaque, Metro Manila"
BLUE SAPPHIRE RESIDENCES,"Taguig, Metro Manila","Pinagsama, Taguig, Metro Manila",TRUE,
The Columns Ayala Avenue,"Makati, Metro Manila","Bel-Air, Makati, Metro Manila",TRUE,
Maple Place,"Makati, Metro Manila","Bangkal, Makati, Metro Manila",TRUE,
Fairway Terraces,"Pasay, Metro Manila","Barangay 97, Pasay, Metro Manila",TRUE,
Greenbelt Hamilton Two,"Makati, Metro Manila","Bangkal, Makati, Metro Manila",TRUE,
Antel Spa Residences,"Makati, Metro Manila","Bangkal, Makati, Metro Manila",TRUE,
Laureano di Trevi Towers,"Makati, Metro Manila","Bangkal, Makati, Metro Manila",TRUE,
BSA Tower,"Makati, Metro Manila","Bangkal, Makati, Metro Manila",TRUE,
Manansala Tower,"Makati, Metro Manila","Bangkal, Makati, Metro Manila",TRUE,
Avida Towers San Lorenzo,"Makati, Metro Manila","Bangkal, Makati, Metro Manila",TRUE,
One Central Makati,"Makati, Metro Manila","Bangkal, Makati, Metro Manila",TRUE,
Amorsolo Square,"Makati, Metro Manila","Rockwell, Makati, Metro Manila",TRUE,
One Rockwell,"Makati, Metro Manila","Rockwell, Makati, Metro Manila",TRUE,
The Columns At Legaspi Village,"Makati, Metro Manila","San Lorenzo, Makati, Metro Manila",TRUE,
The Beacon,"Makati, Metro Manila","Bangkal, Makati, Metro Manila",TRUE,
Palmetto Place,"Makati, Metro Manila","Bangkal, Makati, Metro Manila",TRUE,
Fairway Tarraces,"Pasay, Metro Manila","Tugatog, Malabon, Metro Manila",FALSE,"Villamor Airbase, Pasay, Metro Manila"
Fortune Hill,"San Juan, Metro Manila","Addition Hills, San Juan, Metro Manila",TRUE,
South Insula,"Quezon City, Metro Manila","Sacred Heart, Quezon City, Metro Manila",TRUE,
The Salcedo Park Condominum,"Makati, Metro Manila","Bel-Air, Makati, Metro Manila",TRUE,
Asia Enclaves,"Muntinlupa, Metro Manila","Alabang, Muntinlupa, Metro Manila",TRUE,
Solano Hills,"Muntinlupa, Metro Manila","Alabang, Muntinlupa, Metro Manila",TRUE,
Arezzo Place,"Pasig, Metro Manila","Bagong Ilog, Pasig, Metro Manila",TRUE,
ETON EMERALD LOFTS,"Pasig, Metro Manila","San Antonio, Pasig, Metro Manila",TRUE,
BELTON PLACE,"Makati, Metro Manila","Bangkal, Makati, Metro Manila",TRUE,
Eton Parkview Greenbelt,"Makati, Metro Manila","Bangkal, Makati, Metro Manila",TRUE,
8 ADRIATICO,"Manila, Metro Manila","Malate, Manila, Metro Manila",TRUE,
One Archers Place,"Manila, Metro Manila","Malate, Manila, Metro Manila",TRUE,
Eton Baypark Manila,"Manila, Metro Manila","Tondo, Manila, Metro Manila",TRUE,
Acqua Living Stone,"Mandaluyong, Metro Manila","Hulo, Mandaluyong, Metro Manila",TRUE,
Aqua Iguazu,"Mandaluyong, Metro Manila","Addition Hills, Mandaluyong, Metro Manila",TRUE,
Century Spire Makati,"Makati, Metro Manila","Poblacion, Makati, Metro Manila",TRUE,
Penthouse Unit in Acqua Livingstone,"Makati, Metro Manila","Hulo, Mandaluyong, Metro Manila",FALSE,"Mandaluyong, Metro Manila"
Suntrust Shanata,"Quezon City, Metro Manila","Talipapa, Quezon City, Metro Manila",TRUE,
SUNTRUST AMADEA,"Quezon City, Metro Manila","Paligsahan, Quezon City, Metro Manila",TRUE,
Suntrust Capitol Plaza,"Quezon City, Metro Manila","Central, Quezon City, Metro Manila",TRUE,
AURORA GARDENS,"Mandaluyong, Metro Manila","Addition Hills, Mandaluyong, Metro Manila",TRUE,
Suntrust Asmara,"Quezon City, Metro Manila","Damayang Lagi, Quezon City, Metro Manila",TRUE,
KIRANA,"Pasig, Metro Manila","Bagong Ilog, Pasig, Metro Manila",TRUE,
SUNTRUST TREETOP VILLAS,"Mandaluyong, Metro Manila","Hulo, Mandaluyong, Metro Manila",TRUE,
Suntrust Solana,"Manila, Metro Manila","Ermita, Manila, Metro Manila",TRUE,
SUNTRUST ASCENTIA,"Manila, Metro Manila","Santa Ana, Manila, Metro Manila",TRUE,
SUNTRUST ADRIATICO GARDENS,"Manila, Metro Manila","Malate, Manila, Metro Manila",TRUE,
The Rise Makati,"Makati, Metro Manila","San Antonio, Makati, Metro Manila",TRUE,
One Shangrila Place,"Mandaluyong, Metro Manila","Metro Manila, Mandaluyong",FALSE,"Ortigas Center, Mandaluyong, Metro Manila"
AMA TOWER RESIDENCES,"Mandaluyong, Metro Manila","Wack-Wack Greenhills, Mandaluyong, Metro Manila",TRUE,
Victoria de Manila,"Manila, Metro Manila","Malate, Manila, Metro Manila",TRUE,
The A.Venue Suites,"Makati, Metro Manila","Bangkal, Makati, Metro Manila",TRUE,
Antel Spa Suites,"Makati, Metro Manila","Poblacion, Makati, Metro Manila",TRUE,
Serenity Suites,"Makati, Metro Manila","Poblacion, Makati, Metro Manila",TRUE,
Skyway Twin Towers,"Pasig, Metro Manila","Oranbo, Pasig, Metro Manila",TRUE,
My Place at South Triangle,"Quezon City, Metro Manila","South Triangle, Quezon City, Metro Manila",TRUE,
My Place at Ortigas,"Pasig, Metro Manila","Ugong, Pasig, Metro Manila",TRUE,
Chateau Elysee,"Parañaque, Metro Manila","Don Bosco, Parañaque, Metro Manila",TRUE,
Berkeley Residences,"Quezon City, Metro Manila","Loyola Heights, Quezon City, Metro Manila",TRUE,
Juez Residences,"Malabon, Metro Manila","Maysilo, Malabon, Metro Manila",TRUE,
Space Taft,"Manila, Metro Manila","Malate, Manila, Metro Manila",TRUE,
Zitan,"Mandaluyong, Metro Manila","Addition Hills, Mandaluyong, Metro Manila",TRUE,
Twin Oaks Place,"Mandaluyong, Metro Manila","Wack-Wack Greenhills, Mandaluyong, Metro Manila",TRUE,
San Lorenzo Place,"Makati, Metro Manila","Bangkal, Makati, Metro Manila",TRUE,
The Rochester,"Pasig, Metro Manila","San Joaquin, Pasig, Metro Manila",TRUE,
Victoria de Morato,"Quezon City, Metro Manila","Ramon Magsaysay, Quezon City, Metro Manila",TRUE,
Victoria de Malate,"Manila, Metro Manila","Malate, Manila, Metro Manila",TRUE,
Isabelle de Valenzuela,"Valenzuela, Metro Manila","Isla, Valenzuela, Metro Manila",TRUE,
Victoria Sports Tower,"Quezon City, Metro Manila","South Triangle, Quezon City, Metro Manila",TRUE,
Victoria de Makati,"Makati, Metro Manila","Pio Del Pilar, Makati, Metro Manila",TRUE,
Fort Victoria,"Taguig, Metro Manila","BGC, Taguig, Metro Manila",TRUE,
Victoria Towers,"Quezon City, Metro Manila","Paligsahan, Quezon City, Metro Manila",TRUE,
Little Baguio Terraces,"San Juan, Metro Manila","Ermitaño, San Juan, Metro Manila",TRUE,
Pioneer Woodlands,"Mandaluyong, Metro Manila","Barangka Ilaya, Mandaluyong, Metro Manila",TRUE,
Kasara,"Pasig, Metro Manila","Ugong, Pasig, Metro Manila",TRUE,
Vivaldi Residences - Cubao,"Quezon City, Metro Manila","Socorro, Quezon City, Metro Manila",TRUE,
Siena Park Residences,"Parañaque, Metro Manila","Sun Valley, Parañaque, Metro Manila",TRUE,
Milan Residenze,"Quezon City, Metro Manila","Bagbag, Quezon City, Metro Manila",TRUE,
Maricielo Villas,"Las Piñas, Metro Manila","Pulang Lupa Uno, Las Piñas, Metro Manila",TRUE,
Levina Place,"Pasig, Metro Manila","Rosario, Pasig, Metro Manila",TRUE,
Arista Place,"Parañaque, Metro Manila","Santo Niño, Parañaque, Metro Manila",TRUE,
Asteria Residences,"Parañaque, Metro Manila","San Isidro, Parañaque, Metro Manila",TRUE,
Mirea Residences,"Pasig, Metro Manila","Santolan, Pasig, Metro Manila",TRUE,
Zinnia Towers,"Quezon City, Metro Manila","Katipunan, Quezon City, Metro Manila",TRUE,
Viera Residences,"Quezon City, Metro Manila","Obrero, Quezon City, Metro Manila",TRUE,
Torre De Manila,"Manila, Metro Manila","Ermita, Manila, Metro Manila",TRUE,
Tivoli Garden Residences,"Mandaluyong, Metro Manila","Hulo, Mandaluyong, Metro Manila",TRUE,
The Amaryllis,"Quezon City, Metro Manila","Mariana, Quezon City, Metro Manila",TRUE,
Stellar Place,"Quezon City, Metro Manila","Bahay Toro, Quezon City, Metro Manila",TRUE,
Sorrel Residences,"Quezon City, Metro Manila","Manila, Metro Manila",FALSE,"Sampaloc, Manila, Metro Manila"
Sheridan Towers,"Mandaluyong, Metro Manila","Buayang Bato, Mandaluyong, Metro Manila",TRUE,
Viridian in Greenhills,"San Juan, Metro Manila","Greenhills, San Juan, Metro Manila",TRUE,
Rhapsody Residences,"Muntinlupa, Metro Manila","Buli, Muntinlupa, Metro Manila",TRUE,
One Castilla Place,"Quezon City, Metro Manila","Pasong Tamo, Quezon City, Metro Manila",TRUE,
Grand Riviera Suites,"Manila, Metro Manila","Ermita, Manila, Metro Manila",TRUE,
Lumiere Residences,"Pasig, Metro Manila","Bagong Ilog, Pasig, Metro Manila",TRUE,
La Verti Residences,"Pasay, Metro Manila","Pasay, Metro Manila",TRUE,
Illumina Residences Manila,"Manila, Metro Manila","Santa Mesa, Manila, Metro Manila",TRUE,
Flair Towers,"Mandaluyong, Metro Manila","Highway Hills, Mandaluyong, Metro Manila",TRUE,
Brio Tower,"Makati, Metro Manila","Guadalupe Viejo, Makati, Metro Manila",TRUE,
Verawood Residences,"Taguig, Metro Manila","Bambang, Taguig, Metro Manila",TRUE,
Ivory Wood,"Taguig, Metro Manila","Bambang, Taguig, Metro Manila",TRUE,
Royal Palm Residences,"Taguig, Metro Manila","Ususan, Taguig, Metro Manila",TRUE,
W.H. Taft Residences,"Manila, Metro Manila","Malate, Manila, Metro Manila",TRUE,
The Birchwood,"Taguig, Metro Manila","Ususan, Taguig, Metro Manila",TRUE,
Anuva,"Muntinlupa, Metro Manila","Sucat, Muntinlupa, Metro Manila",TRUE,
The Manila Residences Bocobo,"Manila, Metro Manila","Ermita, Manila, Metro Manila",TRUE,
The Manila Residences Tower II,"Manila, Metro Manila","Malate, Manila, Metro Manila",TRUE,
The Manila Residences Tower I,"Manila, Metro Manila","Malate, Manila, Metro Manila",TRUE,
Mandaluyong Executive Mansion III,"Mandaluyong, Metro Manila","Namayan, Mandaluyong, Metro Manila",TRUE,
Grand Central Residences Tower I,"Mandaluyong, Metro Manila","Highway Hills, Mandaluyong, Metro Manila",TRUE,
Pines Peak Tower I,"Mandaluyong, Metro Manila","Highway Hills, Mandaluyong, Metro Manila",TRUE,
North Residences,"Quezon City, Metro Manila","Veterans Village, Quezon City, Metro Manila",TRUE,
Windsor Mansion,"Pasig, Metro Manila","Santolan, Pasig, Metro Manila",TRUE,
Brentwood Mansion,"Pasig, Metro Manila","Santolan, Pasig, Metro Manila",TRUE,
Grand Emerald Tower,"Pasig, Metro Manila","San Antonio, Pasig, Metro Manila",TRUE,
Makati Executive Tower IV,"Makati, Metro Manila","Pio Del Pilar, Makati, Metro Manila",TRUE,
Makati Executive Tower III,"Makati, Metro Manila","Pio Del Pilar, Makati, Metro Manila",TRUE,
Orchard Towers,"Pasig, Metro Manila","Bagong Ilog, Pasig, Metro Manila",TRUE,
Neopolitan Condominiums,"Quezon City, Metro Manila","Fairview, Quezon City, Metro Manila",TRUE,
Garden Towers,"Makati, Metro Manila","San Lorenzo, Makati, Metro Manila",TRUE,
East Gallery Place,"Taguig, Metro Manila","BGC, Taguig, Metro Manila",TRUE,
East Bel-Air Residences,"Manila, Metro Manila","Tondo, Manila, Metro Manila",TRUE,
Grand Residences España 2,"Manila, Metro Manila","Manila, Metro Manila",TRUE,
Sky Villas,"Quezon City, Metro Manila","Kaunlaran, Quezon City, Metro Manila",TRUE,
Park Terraces,"Makati, Metro Manila","San Lorenzo, Makati, Metro Manila",TRUE,
Al Khor Town Homes,"San Juan, Metro Manila","Batis, San Juan, Metro Manila",TRUE,
Avida Towers BGC 9TH Avenue,"Taguig, Metro Manila","Metro Manila, Taguig",FALSE,"Taguig, Metro Manila"
Lancris Residences,"Parañaque, Metro Manila","Don Bosco, Parañaque, Metro Manila",TRUE,
Avida Towers Altura,"Muntinlupa, Metro Manila","Metro Manila, Muntinlupa, Alabang",FALSE,"Muntinlupa, Metro Manila"
Avida Towers Alabang,"Muntinlupa, Metro Manila","Metro Manila, Muntinlupa, Alabang",FALSE,"Muntinlupa, Metro Manila"
Avida Towers 34th Street,"Taguig, Metro Manila","Metro Manila, Taguig",FALSE,"Taguig, Metro Manila"
Avida Cityflex Towers BGC,"Taguig, Metro Manila","Metro Manila, Taguig, BGC",FALSE,"Taguig, Metro Manila"
101 Newport BLVD,"Manila, Metro Manila","Barangay 183, Pasay, Metro Manila",FALSE,"Pasay, Metro Manila"
Noble Place,"Manila, Metro Manila","Binondo, Manila, Metro Manila",TRUE,
150 Newport BLVD,"Pasay, Metro Manila","Barangay 183, Pasay, Metro Manila",TRUE,
81 Newport BLVD,"Pasay, Metro Manila","Barangay 183, Pasay, Metro Manila",TRUE,
The Palm Tree 2,"Pasay, Metro Manila","Malate, Manila, Metro Manila",FALSE,"Pasay, Metro Manila"
Greenbelt Hamilton Tower 2,"Makati, Metro Manila","San Lorenzo, Makati, Metro Manila",TRUE,
The Palm Tree,"Pasay, Metro Manila","Barangay 183, Pasay, Metro Manila",TRUE,
Paseo Heights,"Makati, Metro Manila","Urdaneta, Makati, Metro Manila",TRUE,
Salcedo Skysuites,"Makati, Metro Manila","Bel-Air, Makati, Metro Manila",TRUE,
Three Central,"Makati, Metro Manila","Bel-Air, Makati, Metro Manila",TRUE,
Viceroy,"Taguig, Metro Manila","Bagong Tanyag, Taguig, Metro Manila",TRUE,
The Florence,"Taguig, Metro Manila","McKinley Hill, Taguig, Metro Manila",TRUE,
Uptown Parksuites,"Taguig, Metro Manila","BGC, Taguig, Metro Manila",TRUE,
Avida Towers One Union Place,"Taguig, Metro Manila","Metro Manila, Taguig, Western Bicutan",FALSE,"Taguig, Metro Manila"
The Venice,"Taguig, Metro Manila","Bagong Tanyag, Taguig, Metro Manila",TRUE,
GOLFHILL GARDENS,"Quezon City, Metro Manila","Ramon Magsaysay, Quezon City, Metro Manila",TRUE,
Avida Towers Astrea,"Quezon City, Metro Manila","Metro Manila, Quezon City, Fairview",FALSE,"Novaliches, Quezon City, Metro Manila"
Bay Garden,"Pasay, Metro Manila","Barangay 76, Pasay, Metro Manila",TRUE,
Escalades East Tower,"Quezon City, Metro Manila","Pasong Tamo, Quezon City, Metro Manila",TRUE,
The Parkside Villas,"Pasay, Metro Manila","Barangay 183, Pasay, Metro Manila",TRUE,
Trees Residences,"Quezon City, Metro Manila","Kaligayahan, Quezon City, Metro Manila",TRUE,
Sun Residences,"Quezon City, Metro Manila","Salvacion, Quezon City, Metro Manila",TRUE,
Shore Residences,"Pasay, Metro Manila","Barangay 76, Pasay, Metro Manila",TRUE,
Shine Residences,"Pasig, Metro Manila","Ugong, Pasig, Metro Manila",TRUE,
Shell Residences,"Pasay, Metro Manila","Barangay 76, Pasay, Metro Manila",TRUE,
Mezza 2 Residences,"Quezon City, Metro Manila","Doña Imelda, Quezon City, Metro Manila",TRUE,
M Place Residences,"Quezon City, Metro Manila","South Triangle, Quezon City, Metro Manila",TRUE,
Princeton Residences,"Quezon City, Metro Manila","Mariana, Quezon City, Metro Manila",TRUE,
Sea Residences SMDC,"Pasay, Metro Manila","Barangay 76, Pasay, Metro Manila",TRUE,
Mezza Residences,"Quezon City, Metro Manila","Kaunlaran, Quezon City, Metro Manila",TRUE,
Light Residences,"Mandaluyong, Metro Manila","Addition Hills, Mandaluyong, Metro Manila",TRUE,
Grace Residences,"Taguig, Metro Manila","Bagong Tanyag, Taguig, Metro Manila",TRUE,
Chateau Residences,"Parañaque, Metro Manila","Don Bosco, Parañaque, Metro Manila",TRUE,
Breeze Residences,"Pasay, Metro Manila","Barangay 76, Pasay, Metro Manila",TRUE,
Times Square West,"Taguig, Metro Manila","BGC, Taguig, Metro Manila",TRUE,
Madison Park,"Taguig, Metro Manila","Bagong Tanyag, Taguig, Metro Manila",TRUE,
One Wilson Square,"San Juan, Metro Manila","Greenhills, San Juan, Metro Manila",TRUE,
Central Park West,"Pateros, Metro Manila","BGC, Taguig, Metro Manila",FALSE,"BGC, Taguig, Metro Manila"
Six Senses,"Pasay, Metro Manila","Malate, Manila, Metro Manila",FALSE,"Bay Area, Pasay, Metro Manila"
Grand Hyatt Manila Residences,"Taguig, Metro Manila","BGC, Taguig, Metro Manila",TRUE,
The Grand Midori Ortigas,"Pasig, Metro Manila","San Antonio, Pasig, Metro Manila",TRUE,
Four Season Riviera,"Manila, Metro Manila","Binondo, Manila, Metro Manila",TRUE,
Senta,"Makati, Metro Manila","San Lorenzo, Makati, Metro Manila",TRUE,
The Capital,"Quezon City, Metro Manila","E. Rodriguez, Quezon City, Metro Manila",TRUE,
Paseo De Roces,"Makati, Metro Manila","Pio Del Pilar, Makati, Metro Manila",TRUE,
Celadon Park,"Manila, Metro Manila","Santa Cruz, Manila, Metro Manila",TRUE,
Oriental Garden,"Makati, Metro Manila","Pio Del Pilar, Makati, Metro Manila",TRUE,
The Proscenium at Rockwell,"Makati, Metro Manila","Poblacion, Makati, Metro Manila",TRUE,
Jazz Residences,"Makati, Metro Manila","Bel-Air, Makati, Metro Manila",TRUE,
Green Residences,"Manila, Metro Manila","Malate, Manila, Metro Manila",TRUE,
Blue Residences,"Quezon City, Metro Manila","Apad, Quezon, Quezon",FALSE,"Quezon City, Metro Manila"
Field Residences,"Parañaque, Metro Manila","San Dionisio, Parañaque, Metro Manila",TRUE,
The Sandstone at Portico,"Pasig, Metro Manila","Oranbo, Pasig, Metro Manila",TRUE,
Fame Residences,"Mandaluyong, Metro Manila","Highway Hills, Mandaluyong, Metro Manila",TRUE,
Air Residences,"Makati, Metro Manila","San Antonio, Makati, Metro Manila",TRUE,
Escalades at 20th Avenue,"Quezon City, Metro Manila","Pasong Tamo, Quezon City, Metro Manila",TRUE,
Gateway Garden Ridge,"Mandaluyong, Metro Manila","Plainview, Mandaluyong, Metro Manila",TRUE,
The Pearl Place,"Pasig, Metro Manila","Metro Manila, Pasig",FALSE,"Pasig, Metro Manila"
City Place,"Manila, Metro Manila","San Nicolas, Manila, Metro Manila",TRUE,
Sarasota,"Pasay, Metro Manila","Barangay 183, Pasay, Metro Manila",TRUE,
One Central,"Makati, Metro Manila","Urdaneta, Makati, Metro Manila",TRUE,
8 Forbestown Centre,"Taguig, Metro Manila","BGC, Taguig, Metro Manila",TRUE,
Vista 309 Katipunan,"Quezon City, Metro Manila","Loyola Heights, Quezon City, Metro Manila",TRUE,
Vista Taft,"Manila, Metro Manila","Malate, Manila, Metro Manila",TRUE,
Camella Glenmont,"Quezon City, Metro Manila","Metro Manila, Quezon City, Sauyo",FALSE,"Novaliches, Quezon City, Metro Manila"
Morgan Suites,"Taguig, Metro Manila","Pinagsama, Taguig, Metro Manila",TRUE,
115 Upper Mckinley,"Taguig, Metro Manila","Forbes Park North, Makati, Metro Manila",FALSE,"Taguig, Metro Manila"
One Central Park,"Taguig, Metro Manila","Bagumbayan, Quezon City, Metro Manila",FALSE,"Eastwood City, Quezon City, Metro Manila"
Salcedo Square,"Makati, Metro Manila","San Lorenzo, Makati, Metro Manila",TRUE,
Vista Shaw,"Mandaluyong, Metro Manila","Addition Hills, Mandaluyong, Metro Manila",TRUE,
Mosaic,"Makati, Metro Manila","Valenzuela, Makati, Metro Manila",TRUE,
The Symphony Towers,"Quezon City, Metro Manila","Binagbag, Agdangan, Quezon",FALSE,"Quezon City, Metro Manila"
The Currency,"Pasig, Metro Manila","San Antonio, Pasig, Metro Manila",TRUE,
Laureano Di Trevi,"Makati, Metro Manila","Pio Del Pilar, Makati, Metro Manila",TRUE,
Crown Tower,"Manila, Metro Manila","Manila, Metro Manila",TRUE,
KL Tower,"Makati, Metro Manila","Valenzuela, Makati, Metro Manila",TRUE,
Avant at The Fort,"Taguig, Metro Manila","BGC, Taguig, Metro Manila",TRUE,
Sorrento Oasis,"Pasig, Metro Manila","Rosario, Pasig, Metro Manila",TRUE,
Maui Oasis,"Pasig, Metro Manila","Maybunga, Pasig, Metro Manila",TRUE,
Capri Oasis,"Pasig, Metro Manila","Maybunga, Pasig, Metro Manila",TRUE,
Bali Oasis Phase 2,"Pasig, Metro Manila","Santolan, Pasig, Metro Manila",TRUE,
Asiana Oasis,"Parañaque, Metro Manila","Moonwalk, Parañaque, Metro Manila",TRUE,
The Signature,"Quezon City, Metro Manila","Pag-Ibig Sa Nayon, Quezon City, Metro Manila",TRUE,
100 West Makati,"Makati, Metro Manila","Pio Del Pilar, Makati, Metro Manila",TRUE,
Studio A,"Quezon City, Metro Manila","Loyola Heights, Quezon City, Metro Manila",TRUE,
Studio Zen,"Pasay, Metro Manila","Barangay 33, Pasay, Metro Manila",TRUE,
Solemare Parksuites Phase One,"Parañaque, Metro Manila","Metro Manila, Parañaque",FALSE,"Parañaque, Metro Manila"
Mayfair Tower,"Manila, Metro Manila","Ermita, Manila, Metro Manila",TRUE,
Dream Tower,"Quezon City, Metro Manila","Bagumbayan, Quezon City, Metro Manila",TRUE,
Oxford Parksuites,"Manila, Metro Manila","Metro Manila, Manila, Tondo",FALSE,"Tondo, Manila, Metro Manila"
Princeview Parksuites,"Manila, Metro Manila","Metro Manila, Manila, Binondo",FALSE,"Binondo, Manila, Metro Manila"
Aspire Tower,"Quezon City, Metro Manila","Pasong Tamo, Quezon City, Metro Manila",TRUE,
Monarch Parksuites,"Parañaque, Metro Manila","Metro Manila, Parañaque, Baclaran",FALSE,"Parañaque, Metro Manila"
The Infinity Tower,"Taguig, Metro Manila","Pinagsama, Taguig, Metro Manila",TRUE,
Clairemont Hills,"San Juan, Metro Manila","Corazon de Jesus, San Juan, Metro Manila",TRUE,
Solemare Parksuites Phase 2,"Parañaque, Metro Manila","Don Bosco, Parañaque, Metro Manila",TRUE,
Fifth Avenue Place,"Taguig, Metro Manila","BGC, Taguig, Metro Manila",TRUE,
McKinley Park Residences,"Taguig, Metro Manila","BGC, Taguig, Metro Manila",TRUE,
Robinsons Place Residence,"Manila, Metro Manila","Quiapo, Manila, Metro Manila",TRUE,
The Fort Residences,"Taguig, Metro Manila","BGC, Taguig, Metro Manila",TRUE,
Three Adriatico Place,"Manila, Metro Manila","Ermita, Manila, Metro Manila",TRUE,
Vimana Verde Residences,"Pasig, Metro Manila","Oranbo, Pasig, Metro Manila",TRUE,
Two Adriatico Place,"Manila, Metro Manila","Quiapo, Manila, Metro Manila",TRUE,
One Gateway Place,"Mandaluyong, Metro Manila","Barangka Ilaya, Mandaluyong, Metro Manila",TRUE,
East Of Galeria,"Pasig, Metro Manila","San Antonio, Pasig, Metro Manila",TRUE,
One Adriatico Place,"Manila, Metro Manila","Quiapo, Manila, Metro Manila",TRUE,
Gateway Regency Studios,"Mandaluyong, Metro Manila","Barangka Ilaya, Mandaluyong, Metro Manila",TRUE,
The Trion Towers III,"Taguig, Metro Manila","BGC, Taguig, Metro Manila",TRUE,
The Radiance Manila Bay,"Pasay, Metro Manila","Barangay 3, Pasay, Metro Manila",TRUE,
The Magnolia Residences,"Quezon City, Metro Manila","Kaunlaran, Quezon City, Metro Manila",TRUE,
The Sapphire Bloc  – South Tower,"Pasig, Metro Manila","San Antonio, Pasig, Metro Manila",TRUE,
Gateway Garden Heights,"Mandaluyong, Metro Manila","Barangka Ilaya, Mandaluyong, Metro Manila",TRUE,
