city,page,title,description,project_unit,project_name,area,floor_area,price,location,bedrooms,bathrooms,floor,condition,property_type,offer_type,construction_year,parking_spaces,ownership_type,project_link,publish_date,publish_by
malabon,1,1BR Unit Condo in Malolos Invest Now Guaranteed For High Appreciation Value-JV2,"PROVENCE by VISTA ESTATES
 Monte Carlo Tower II
 Barangay Longos Malolos Bulacan
 

 

 THE PREMIER MEGACITY IN THE NORTH
 •Discover amazing lifscapes in the historic city of Malolosright at the heart of Bulacan with ease of access to major thoroughfares. A short trip away from the proposed Bulacan International Airport and 45-minute drive from Metro Manila. Be in the center of the premier Enterprise Megacity in Bulacan.
 Provence moves to vibrant beat of commerce, of progress and of a unique and elevated lifestyle like no other.
 •Inspired by the exquisite and timeless beauty of French Architecture. Discover the luxury of Estate Living.
 •The Epicenter of Luxury and Convenience. Provence is not your ordinary Condominium, it provides our home owners a Community with a stunning Resort Themed Amenities.
 

 15th Floor Condominium
 Target Turnover - 2028
 

 Unit Features
 

 1BR
 Balcony
 Toilet & Bath
 Dining Area
 Living Room Area
 Kitchen Area
 

 

 Amenity View 
 Floor Area : 46.41 sqm
 • 7F - 11,598,500
 

 

 

 

 

 

 Payment Terms
 Reservation Fee : 60,000.00
 Downpayment : 25% payable in 54 months
 Bank Financing - 75%
 Deferred Financing
 

 Nearby Malls:
 Vista Mall
 Xentro Mall
 WalterMart
 Robinsons Malolos
 

 Nearby Schools:
 Centro Escolar University - Malolos
 Bulacan State University
 Immaculate Concepcion School of Malolos
 International Montessori Center
 Lord’s Angel Montessori School Inc.
 University of Regina Carmeli
 

 Nearby Hospitals:
 Malolos Maternity Hospital
 Sacred Heart Hospital
 Malolos EENT Hospital
 Santos Eye Clinic
 

 Accessibilities:
 from Metro Manila - Tabang Exit of North Luzon Expressway (NLEX)
 McArthur Highway
 EDSA’s transport terminals and hubs - easily connecting Monumento, Trinoma, Centris, Makati, and Divisoria",Monte Carlo Towers,Monte Carlo Towers,,46 sqm,"₱ 11,598,500","Longos, Malolos",1 bedroom,1 bathroom,,Unfurnished,Condo,For Sale,,,,https://www.lamudi.com.ph/projects/monte-carlo-towers/,15 Jun 2025,Jen Velarde
malabon,1,For Sale! Preselling Malolos 1BR Condo Unit with Amenity View -AJCN,"Barangay Longos Malolos Bulacan
 

 

 THE PREMIER MEGACITY IN THE NORTH
 •Discover amazing lifscapes in the historic city of Malolosright at the heart of Bulacan with ease of access to major thoroughfares. A short trip away from the proposed Bulacan International Airport and 45-minute drive from Metro Manila. Be in the center of the premier Enterprise Megacity in Bulacan.
 Provence moves to vibrant beat of commerce, of progress and of a unique and elevated lifestyle like no other.
 •Inspired by the exquisite and timeless beauty of French Architecture. Discover the luxury of Estate Living.
 •The Epicenter of Luxury and Convenience. Provence is not your ordinary Condominium, it provides our home owners a Community with a stunning Resort Themed Amenities.
 

 11th Floor Condominium
 Target Turnover - 2027
 

 Unit Features
 

 1BR
 Balcony
 Toilet & Bath
 Dining Area
 Living Room Area
 Kitchen Area
 

 

 Amenity View 
 Floor Area : 33.96 sqm
 • 2F - 9,041,000.00
 

 

 

 Payment Terms
 Reservation Fee : 30,000.00
 Downpayment : 15% payable in 48 months
 Bank Financing - 85%
 Deferred Financing
 

 Nearby Malls:
 Vista Mall
 Xentro Mall
 WalterMart
 Robinsons Malolos
 

 Nearby Schools:
 Centro Escolar University - Malolos
 Bulacan State University
 Immaculate Concepcion School of Malolos
 International Montessori Center
 Lord’s Angel Montessori School Inc.
 University of Regina Carmeli
 

 Nearby Hospitals:
 Malolos Maternity Hospital
 Sacred Heart Hospital
 Malolos EENT Hospital
 Santos Eye Clinic
 

 Accessibilities:
 from Metro Manila - Tabang Exit of North Luzon Expressway (NLEX)
 McArthur Highway
 EDSA’s transport terminals and hubs - easily connecting Monumento, Trinoma, Centris, Makati, and Divisoria
 

 

 #Maloloscity
 #Malolosbulacan
 #Condominiuminmalolos
 #Forsalecondominium
 #Condoforsaleinmalolos
 #Goodinvestment
 #Passiveincome
 #Realestateagent
 #Miyabirealty",Monte Carlo Towers,Monte Carlo Towers,,33 sqm,"₱ 9,041,000","Longos, Malolos",1 bedroom,1 bathroom,,Partly furnished,Condo,For Sale,2025,,,https://www.lamudi.com.ph/projects/monte-carlo-towers/,13 Jun 2025,Ms. Alyssa
malabon,1,1BR Unit Condo in Malolos Invest Now Guaranteed For High Appreciation Value-JV2,"PROVENCE by VISTA ESTATES
 Monte Carlo Tower II
 Barangay Longos Malolos Bulacan
 

 

 THE PREMIER MEGACITY IN THE NORTH
 •Discover amazing lifscapes in the historic city of Malolosright at the heart of Bulacan with ease of access to major thoroughfares. A short trip away from the proposed Bulacan International Airport and 45-minute drive from Metro Manila. Be in the center of the premier Enterprise Megacity in Bulacan.
 Provence moves to vibrant beat of commerce, of progress and of a unique and elevated lifestyle like no other.
 •Inspired by the exquisite and timeless beauty of French Architecture. Discover the luxury of Estate Living.
 •The Epicenter of Luxury and Convenience. Provence is not your ordinary Condominium, it provides our home owners a Community with a stunning Resort Themed Amenities.
 

 15th Floor Condominium
 Target Turnover - 2028
 

 Unit Features
 

 1BR
 Balcony
 Toilet & Bath
 Dining Area
 Living Room Area
 Kitchen Area
 

 

 Amenity View 
 Floor Area : 46.41 sqm
 • 2F - 11,451,700
 

 

 

 

 

 Payment Terms
 Reservation Fee : 60,000.00
 Downpayment : 25% payable in 54 months
 Bank Financing - 75%
 Deferred Financing
 

 Nearby Malls:
 Vista Mall
 Xentro Mall
 WalterMart
 Robinsons Malolos
 

 Nearby Schools:
 Centro Escolar University - Malolos
 Bulacan State University
 Immaculate Concepcion School of Malolos
 International Montessori Center
 Lord’s Angel Montessori School Inc.
 University of Regina Carmeli
 

 Nearby Hospitals:
 Malolos Maternity Hospital
 Sacred Heart Hospital
 Malolos EENT Hospital
 Santos Eye Clinic
 

 Accessibilities:
 from Metro Manila - Tabang Exit of North Luzon Expressway (NLEX)
 McArthur Highway
 EDSA’s transport terminals and hubs - easily connecting Monumento, Trinoma, Centris, Makati, and Divisoria
 

 

 #Maloloscity
 #Malolosbulacan
 #Condominiuminmalolos
 #Forsalecondominium
 #Condoforsaleinmalolos
 #Goodinvestment
 #Passiveincome
 #Realestateagent
 #Miyabirealty",Monte Carlo Towers,Monte Carlo Towers,,46 sqm,"₱ 11,451,700","Longos, Malolos",1 bedroom,1 bathroom,,Unfurnished,Condo,For Sale,,,,https://www.lamudi.com.ph/projects/monte-carlo-towers/,9 Jun 2025,Jen Velarde
malabon,1,1BR Unit Condo in Malolos Invest Now Guaranteed For High Appreciation Value-JV2,"PROVENCE by VISTA ESTATES
 Monte Carlo Tower 1
 Barangay Longos Malolos Bulacan
 

 

 THE PREMIER MEGACITY IN THE NORTH
 •Discover amazing lifscapes in the historic city of Malolosright at the heart of Bulacan with ease of access to major thoroughfares. A short trip away from the proposed Bulacan International Airport and 45-minute drive from Metro Manila. Be in the center of the premier Enterprise Megacity in Bulacan.
 Provence moves to vibrant beat of commerce, of progress and of a unique and elevated lifestyle like no other.
 •Inspired by the exquisite and timeless beauty of French Architecture. Discover the luxury of Estate Living.
 •The Epicenter of Luxury and Convenience. Provence is not your ordinary Condominium, it provides our home owners a Community with a stunning Resort Themed Amenities.
 

 11th Floor Condominium
 Target Turnover - December 2028
 

 Unit Features
 

 1BR
 Balcony
 Toilet & Bath
 Dining Area
 Living Room Area
 Kitchen Area
 

 

 

 Estate View
 Floor Area : 33.96 sqm
 • 9F - 9,179,000
 

 

 

 Payment Terms
 Reservation Fee : 30,000.00
 Downpayment : 15% payable in 48 months
 Bank Financing - 85%
 Deferred Financing
 

 Nearby Malls:
 Vista Mall
 Xentro Mall
 WalterMart
 Robinsons Malolos
 

 Nearby Schools:
 Centro Escolar University - Malolos
 Bulacan State University
 Immaculate Concepcion School of Malolos
 International Montessori Center
 Lord’s Angel Montessori School Inc.
 University of Regina Carmeli
 

 Nearby Hospitals:
 Malolos Maternity Hospital
 Sacred Heart Hospital
 Malolos EENT Hospital
 Santos Eye Clinic
 

 Accessibilities:
 from Metro Manila - Tabang Exit of North Luzon Expressway (NLEX)
 McArthur Highway
 EDSA’s transport terminals and hubs - easily connecting Monumento, Trinoma, Centris, Makati, and Divisoria",Monte Carlo Towers,Monte Carlo Towers,,33 sqm,"₱ 9,179,000","Longos, Malolos",1 bedroom,1 bathroom,,Unfurnished,Condo,For Sale,,,,https://www.lamudi.com.ph/projects/monte-carlo-towers/,17 May 2025,Jen Velarde
malabon,1,Grand Quartier 2 Crosswind For Sale,"For Sale

Grand Quartier 2 

Crosswind, Tagaytay City

1 bedroom 

1 toilet & bath

51 sqr mtr

Furnished

Best view among 3 existing condos

7M",The Grand Quartier,The Grand Quartier,,51 sqm,"₱ 7,000,000","Zambal, Tagaytay",1 bedroom,1 bathroom,,Fully furnished,Condo,For Sale,,,,https://www.lamudi.com.ph/projects/the-grand-quartier/,6 Jan 2025,Irene Cabral
malabon,1,Condominium unit for sale at Crosswind Tagaytay,"""Experience living in a Swiss inspired community, embrace and enjoy the cool Tagaytay breeze and the comfort of tranquil condo living outside of the hustle of the city""
 

 This condo unit is located inside Crosswinds Tagaytay along the Tagaytay-Calamba road.
 A few minutes away from Picnic Grove and Tagaytay city proper.

Price down to P 6,900,000 (Net to Seller)",The Grand Quartier,The Grand Quartier,,42 sqm,"₱ 6,900,000","Iruhin East, Tagaytay",,1 bathroom,0,Unfurnished,Studio,For Sale,,,,https://www.lamudi.com.ph/projects/the-grand-quartier/,30 Mar 2024,ERISM Realty
malabon,1,Brand New Spacious 1 Bedroom unit at Crosswinds Tagaytay for Sale,"BRAND NEW SPACIOS 1 BEDROOM UNIT AT Crosswinds Tagaytay for SALE
 Tower 1 4th floor
 ROJECT NAME: Crosswinds (by Brittany)-The Grand Quartier
 ADDRESS/ VICINITY REFERENCE- Brgy Iruhin, Tagaytay City
 UNIT LOCATION- Grand Quartier 1
 SIZE: 83 sqm, spacious one bedroom
 UNIT CONFIGURATION- 1 BR, 1 TB, balcony, kitchen, utility room.
 Fully furnished
 Clean title
 
 UNIT HISTORY: 1st owner, never been leased
 ENCUMBRANCES/MORTGAGE: None
 
 ASKING PRICE:  PHP: 10.7  ( ALL-IN)
 TERMS OF PAYMENT: Cash (preferably) or Bank financing",The Grand Quartier,The Grand Quartier,,83 sqm,"₱ 10,700,000","Iruhin East, Tagaytay",1 bedroom,1 bathroom,,Fully furnished,Condo,For Sale,,,,https://www.lamudi.com.ph/projects/the-grand-quartier/,12 Apr 2023,La Theoz
malabon,1,Big 1BR well located in Malate Manila,"The location is great. In the middle of everything. Whatever you need is just a stone throw away.
With varieties of authentic restaurants, and near to major establishments such as Local Government and foreign institutions, Hospitals,  Universities and Colleges,, and most of all 24 hours security by Police stations near by.",dakotaresidences,dakotaresidences,,50 sqm,,"Tugatog, Malabon",1 bedroom,1 bathroom,50,Unfurnished,Condo,Buy & Rent,,,,https://www.lamudi.com.ph/projects/41032-73-f2d0cbc7b1c8-82bd-473b228f-9056-47ba,18 Oct 2022,Melissa Madronio
malabon,1,Condo in Pasay near Airport MOA Golf Area Makati,"FAIRWAY Terraces – DMCI HOMES
Soon to rise condo in Villamor Airbase, Pasay City
Near NAIA / Airport, SM Aura, MOA, Resorts World
City of Dreams, Makati CBD, Bonifacio Global City
Turn Over Date: February 2019
Available Unit:1BR; 54sqm. (4.8M - 5.3M) 
2BR; 56sqm. (5.2M - 5.8M)
(Avail up to 10% discount)
WHY DMCI HOMES:
Prime LocationGreen Living DesignHigh Appraisal / Rental ValueLifetime Ownership 2 Year Unit WarrantyCALL. VIBER. WHATSAPP | O9O5 4O1 6641",Fairway Tarraces,Fairway Tarraces,,56 sqm,"₱ 4,800,000","Tugatog, Malabon",2 bedrooms,1 bathroom,0,,Condo,For Sale,,,,https://www.lamudi.com.ph/projects/41032-73-acd00bc7f89c-c4a8-53d2d97a-a05e-4eab,15 Jul 2022,Annaliza Reyes
malabon,1,RFO 1BR Condo For SALE in Villamor Pasay City,"Fairway Terrace by DMCI Homes
* Located in Villamor Air Base, Pasay City
* High-Rise Condo Dev't
* Resort-inspired amenities

NEARBY:
Bonifacio Global City
McKinley Hill
NAIA3

Option 1 - PROMO OFFER 
-15% DP in 12 months, 85% Bank Financing 

Option 2
20% Dowpayment payable in 18 months
80% Bank Financing

Option 3 - STANDARD PAYMENT TERMS
30% SPOT Downpayment with 4% discount, 70% Bank/In-House Financing

Option 4
100% SPOT CASH with 10% discount

Requirements:
1. 2 Valid IDs (Government)
2. Proof of Billing
3. Php 20,000 for reservation fee

Site & Model Unit Ready for viewing from Monday to Sunday

Message me for more Information
To assist you better please contact:

Richard Barredo
Accredited In-house Property Consultant
PRC HLURB Registered Licensed No. 9485225 / 012356

I Handle all Project of DMCI",Fairway Tarraces,Fairway Tarraces,,54 sqm,"₱ 7,080,000","Tugatog, Malabon",1 bedroom,1 bathroom,23,Partly furnished,Condo,For Sale,,,Freehold,https://www.lamudi.com.ph/projects/41032-73-acd00bc7f89c-c4a8-53d2d97a-a05e-4eab,15 Jul 2022,Annaliza Reyes
malabon,1,DMCI Condo for SALE Fairway Tarraces Villamor Pasay City,"Fairway Terrace by DMCI Homes
* Located in Villamor Air Base, Pasay City
* High-Rise Condo Dev't
* Resort-inspired amenities

NEARBY:
Bonifacio Global City
McKinley Hill
NAIA3

Option 1 - PROMO OFFER 
-15% DP in 12 months, 85% Bank Financing 

Option 2
20% Dowpayment payable in 18 months
80% Bank Financing

Option 3 - STANDARD PAYMENT TERMS
30% SPOT Downpayment with 4% discount, 70% Bank/In-House Financing

Option 4
100% SPOT CASH with 10% discount

Requirements:
1. 2 Valid IDs (Government)
2. Proof of Billing
3. Php 20,000 for reservation fee

Site & Model Unit Ready for viewing from Monday to Sunday

Message me for more Information
To assist you better please contact:

Richard Barredo
Accredited In-house Property Consultant
PRC HLURB Registered Licensed No. 9485225 / 012356

I Handle all Project of DMCI",Fairway Tarraces,Fairway Tarraces,,53 sqm,"₱ 6,880,000","Tugatog, Malabon",2 bedrooms,1 bathroom,12,Partly furnished,Condo,For Sale,,,Freehold,https://www.lamudi.com.ph/projects/41032-73-acd00bc7f89c-c4a8-53d2d97a-a05e-4eab,15 Jul 2022,Annaliza Reyes
malabon,1,2 Bedroom Condo For SALE in Pasay Villamor City,"Fairway Terrace by DMCI Homes
* Located in Villamor Air Base, Pasay City
* High-Rise Condo Dev't
* Resort-inspired amenities

NEARBY:
Bonifacio Global City
McKinley Hill
NAIA3

Option 1 - PROMO OFFER 
-15% DP in 12 months, 85% Bank Financing 

Option 2
20% Dowpayment payable in 18 months
80% Bank Financing

Option 3 - STANDARD PAYMENT TERMS
30% SPOT Downpayment with 4% discount, 70% Bank/In-House Financing

Option 4
100% SPOT CASH with 10% discount

Requirements:
1. 2 Valid IDs (Government)
2. Proof of Billing
3. Php 20,000 for reservation fee

Site & Model Unit Ready for viewing from Monday to Sunday

Message me for more Information
To assist you better please contact:

Richard Barredo
Accredited In-house Property Consultant
PRC HLURB Registered Licensed No. 9485225 / 012356

I Handle all Project of DMCI",Fairway Tarraces,Fairway Tarraces,,53 sqm,"₱ 6,780,000","Tugatog, Malabon",2 bedrooms,1 bathroom,15,Partly furnished,Condo,For Sale,,,Freehold,https://www.lamudi.com.ph/projects/41032-73-acd00bc7f89c-c4a8-53d2d97a-a05e-4eab,15 Jul 2022,Annaliza Reyes
malabon,1,Pre Selling 2 Bedroom Condo in Villamor Pasay City,"Fairway Terrace by DMCI Homes
* Located in Villamor Air Base, Pasay City
* High-Rise Condo Dev't
* Resort-inspired amenities

NEARBY:
Bonifacio Global City
McKinley Hill
NAIA3

Option 1 - PROMO OFFER 
-15% DP in 12 months, 85% Bank Financing 

Option 2
20% Dowpayment payable in 18 months
80% Bank Financing

Option 3 - STANDARD PAYMENT TERMS
30% SPOT Downpayment with 4% discount, 70% Bank/In-House Financing

Option 4
100% SPOT CASH with 10% discount

Requirements:
1. 2 Valid IDs (Government)
2. Proof of Billing
3. Php 20,000 for reservation fee

Site & Model Unit Ready for viewing from Monday to Sunday

Message me for more Information
To assist you better please contact:

Richard Barredo
Accredited In-house Property Consultant
PRC HLURB Registered Licensed No. 9485225 / 012356

I Handle all Project of DMCI",Fairway Tarraces,Fairway Tarraces,,52 sqm,"₱ 6,680,000","Tugatog, Malabon",2 bedrooms,1 bathroom,14,Partly furnished,Condo,For Sale,,,Freehold,https://www.lamudi.com.ph/projects/41032-73-acd00bc7f89c-c4a8-53d2d97a-a05e-4eab,15 Jul 2022,Annaliza Reyes
malabon,1,VICTORIA DE MONUMENTO Sports-Condo in Caloocan City MCU,"September 25 at 10:19 PM · 
VICTORIA DE MONUMENTO 
Soon To Rise!!!
Cheapest Sports-Condo in Caloocan City
* No Spot Cash Down Payment
* Strategic Location
* Offers Big Discount (For this month of October Only)
* Flexible Payment Terms
* 15K Reservation Fee Per Unit
With Sports- Complex Amenities: 2 Basketball Courts, Water Spa & Lap Pool, Bowling Center (16 Lanes), MMA & Boxing Gym, Multi- Purpose Hall, Commercial Mall, Theater, Fitness Gym, Tennis & Badminton Court, Billiard Hall and more.
Single Unit 
• Provision for 1 Bedroom
• 25 sq.m / flat type
• 7k+ per month
Combined Unit
• Provision for 2 Bedrooms
• 50 sq.m / flat type
• 14K+ per month



    Mr. Calvin Reyes
     Inhouse- Project Representative 
     SINCE 2013",,,,25 sqm,"₱ 2,760,000","Potrero, Malabon",1 bedroom,1 bathroom,30,Unfurnished,Condo,For Sale,,,Freehold,,2 May 2022,Calvin Reyes
malabon,1,Sports condo in caloocan near Monumento and MCU,"???? Sports-Condo in Caloocan City
 ???? Pre selling stage
FOR AS LOW AS 8k/Month Only!! 
✅ No spot-cash down payment
✅ Strategic location
✅ With sports-complex amenities sports
✅ 2 basketball court
✅ pool
✅ bowling 16 lanes
✅ boxing
✅ Multi-purpose Hall
✅ Commercial Areas and more..",,,,25 sqm,"₱ 2,780,009","Potrero, Malabon",1 bedroom,1 bathroom,25,Unfurnished,Condo,For Sale,,,Freehold,,2 May 2022,Calvin Reyes
malabon,1,condo near Manila Central University University of the East,"PROMO-PROMO-PROMO
510,000.00 + MORE DISCOUNT ( PLS. call/txt: for more Discount ???? 0917306---- )
For as low as 7,500 to 8,000 Monthly.
72 months with ZERO % Interest 
Reservation: 15,000 only
???? For more details just send us a msg????
???? 0917306----
 ????????‍♂️ Calvin Reyes
     Inhouse- Project Representative 
     SINCE 2013
NEAR BY: Victoria Sports Towers - Internal Shopping Mall
SM City Grand Central (Under Construction)
SM Hypermarket Monumento
Bonifacio Market
Victory Mall
Puregold Monumento
Banco de Oro - Monumento (right next to the building)
BPI - Monumento (right next to the building)
Chinabank - Monumento (right next to the building)
Sterling Bank of Asia
MCU-FDT Medical Foundation
Calalang General Hospital
Fatima University Medical Center - Valenzuela
Dialysis Center by RTSI
Manila Central University
University of the East
University of Caloocan City
St. Gabriel Academy
Sacred Heart School
Access Computer College
Monumento LRT Station",,,,25 sqm,"₱ 2,786,600","Potrero, Malabon",1 bedroom,1 bathroom,25,Unfurnished,Condo,For Sale,,,Freehold,,2 May 2022,Calvin Reyes
malabon,1,1 Bedroom Condo for sale,"Victoria Sports Tower Monumento (aka Victoria de Monumento) is an upcoming mixed-use sports condominium development in Monumento, Caloocan Pre-selling: We're now accepting reservations!VICTORIA SPORTS TOWER MONUMENTO 
510,000.00 + MORE DISCOUNT (0917306---- )
For as low as 7,500 to 8,000 Monthly
72 months with ZERO % Interest 
Reservation: 15,000 only
For more details just send us a msg
 0917306----
 Calvin Reyes
     Inhouse- Project Representative 
     SINCE 2013
Your Sports-Condo in Caloocan City
 Landmark : Near Monumento Circle, MCU Hospital, SM Hypermarket. 
No spot-cash down payment
 Strategic location
As of now monthly amortization is not required.
 For long term investment.",,,,25 sqm,"₱ 2,720,000","Potrero, Malabon",1 bedroom,1 bathroom,33,Unfurnished,Condo,For Sale,,,Freehold,,2 May 2022,Calvin Reyes
malabon,1,1 Bedroom Condo for sale,"RISING SOON:
????????????????????????????????'S ???????????????????????????? ????????????????????????????????‼️‼️‼️
????VICTORIA SPORTS TOWER MONUMENTO????
""Your Sports Condo in Caloocan City."" MAXIMUM DISCOUNT FOR THE FIRST 50 BUYERS ‼️
????Requirements????️
???? 2 Government ID's
???? proof of payment 
???? completely filled out and signed form
????Flat Type Unit????
????very affordable
????0% interest
????good investment
????good for rental business
????perpetual ownership (lifetime)
????Location: Mac Arthur Highway Calle Uno, Morning Breeze Subdivision, Caloocan.
???? (near Monumento Circle. Landmark near MCU hospital, SM Hypermart, infront of Kuya J and 
7- eleven.)
✅Strategic location 
✅No spot cash down payment 
20% DOWPAYMENT payable in 72 months
✅with 0% interest
????Balance: loanable thru Bank, Pag-ibig or In-house
With SPORTS COMPLEX AMENITIES 
????Basketball Court
????‍♀️Lap pool
????Boxing Ring
????Fitness Gym
????Sports Bar
????Swimming Pool
????Tennis Court
????Badminton
???? Firing range
????Archery
???? Dart
???? Bowling
???? Wall climbing
????Theater room
????Multi-purpose Hall
????Commercial Areas and more..
????For more details kindly click the send message button below:",,,,25 sqm,"₱ 2,780,099","Potrero, Malabon",1 bedroom,1 bathroom,25,Unfurnished,Condo,For Sale,,,Freehold,,2 May 2022,Calvin Reyes
malabon,1,condo near University of Caloocan City St. Gabriel Academy,,,,,25 sqm,"₱ 2,700,888","Potrero, Malabon",1 bedroom,1 bathroom,25,Unfurnished,Condo,For Sale,,,Freehold,,2 May 2022,Calvin Reyes
malabon,1,VICTORIA SPORTS TOWER MONUMENTO near MUC LRT,"Location: Next to the Monumento Circle
Reservation Fee: ₱15,000 only
FOR AS LOW AS ₱7,360 per month Only!!!
15% discount + 2% GCQ Discount
With proposed sports-complex amenities:
2 Basketball Courts ????
GYM ????????‍♂️????️
Pool ????????‍♂️
Bowling 16 lanes ????
Boxing ????‍♂️
Multi-purpose Hall ????
Commercial Areas and more.. ????For more details and discounts Pls call or txt: 0917306----
    Mr. Calvin Reyes
     Inhouse- Project Representative 
     SINCE 2013",,,,25 sqm,"₱ 2,750,009","Potrero, Malabon",1 bedroom,1 bathroom,35,Unfurnished,Condo,For Sale,,,Freehold,,2 May 2022,Calvin Reyes
malabon,1,Sports condo in caloocan city near Medical Cetral University,"VICTORIA SPORTS TOWER MONUMENTO????
""Your Sports Condo in Caloocan City."" 
15%+2% Disc MAXIMUM DISCOUNT FOR THE FIRST 100 BUYERS ‼️
7,500 monthly 
????Requirements????️
???? 2 Government ID's
???? proof of payment 
???? completely filled out and signed form
????Flat Type Unit????
????very affordable
????0% interest
????good investment
????good for rental business
????perpetual ownership (lifetime)
????Location: Mac Arthur Highway Calle Uno, Morning Breeze Subdivision, Caloocan.
???? (near Monumento Circle. Landmark near MCU hospital, SM Hypermart, infront of Kuya J and 
7- eleven.)
✅ Strategic location 
✅ No spot cash down payment 
✅ 20% DOWPAYMENT payable in 72 months
✅ with 0% interest
????Balance: loanable thru Bank, Pag-ibig or In-house
With SPORTS COMPLEX AMENITIES 
????Basketball Court
????‍♀️Lap pool
????Boxing Ring
????Fitness Gym
????Sports Bar
????Swimming Pool
????Tennis Court
????Badminton
???? Firing range
???? Archery
???? Dart
???? Bowling
???? Wall climbing
????Theater room
????Multi-purpose Hall
????Commercial Areas and moreCalvin Reyes",,,,25 sqm,"₱ 2,750,008","Potrero, Malabon",1 bedroom,1 bathroom,25,Unfurnished,Condo,For Sale,,,Freehold,,2 May 2022,Calvin Reyes
malabon,1,condo near Fatima University Medical Center - Valenzuela,"SOON TO RISE!!!
VICTORIA DE MONUMENTO
LOCATED ALONG MC ARTHUR HIWAY, CALLE UNO MONUMENTO CALOOCAN
THE FIRST AND ONLY CONDO IN MONUMENTO WITH SPORTS FACILITIES
(AMENITIES)
BILLIARDS, BASKETBALL COURT, TENNIS COURT, BOXING, MMA BOWLING, GYM, WALL CLIMBING, TABLE TENNIS, WATER SPA INDOOR AND OUTDOOR SWIMMING POOL ETC.
1BR| 25SQM | 7kTO8K MONTHLY
2BR | 50SQM | 12KTO16K MONTHLY
3BR | 75SQM | 18K MONTHLY
We have RFO and Pre-Selling Units!
From other locations like Tomas Morato, Kamuning, Malate, Taft, Makati, Valenzuela
✔️ LIFETIME OWNERSHIP
✔️ ACCESIBLE LOCATION
✔️ FOR AS LOW AS 6K MONTHLY
✔️ PET FRIENDLY
✔️ LOANABLE THRU BANK AND PAGIBIG FINANCING
✔️ UP TO500K DISCOUNT THIS MONTH",,,,25 sqm,"₱ 2,850,000","Potrero, Malabon",1 bedroom,1 bathroom,25,Unfurnished,Condo,For Sale,,,Freehold,,2 May 2022,Calvin Reyes
malabon,1,condo near Sacred Heart School Access Computer College,"INVESTOR's SEAFERER's, ENTREPRENEUR's, OFW's, EMPLOYEE's are welcome to invest. ????????????
HURRY UP! RESERVED NOW!!
GET NOW! BIGGEST PROMO DISCOUNT ????????????
17% to 20% DISCOUNT! LIMITED OFFER ONLY!
SOON TO RISE❗PRE-SELLING
VICTORIA SPORTS TOWER MONUMENTO
1st SKYSCRAPER in Caloocan City
SPORTS CONDOMINIUM ????????⚾????????????????????????????????️????????
Location: Along Mac Arthur Highway, Calle Uno St,. Morning Breeze Subdivision Caloocan City
✅Good for Investment ????
✅Good for Residential Unit ????‍????‍????‍????
✅Good for Rental Unit ????
✅Accesible Location ????
✅Pet Friendly ????
✅Perpetual ownership
SINGLE UNIT: 25 sq.m 1 Bedroom with Balcony
COMBINED: 50 sq.m 2 Bedroom with Balcony
TRIPLE COMBINED UNIT: 75 sq.m 3 Bedroom with Balcony
SPORTS COMPLEX AMENITIES
➡️Basketball Court
➡️Badminthon Court
➡️Tennis
➡️Wall Climbing
➡️Bowling
➡️Theater
➡️Billiards and Darts
➡️Gymnastics
➡️Ballet
➡️Shooting range
➡️Fencing
➡️Archery
➡️Water Spa
➡️Lap Pool 
➡️Outdoor Pool
➡️Fitness Gym
➡️Function Room
➡️Commercial Malls
and many more...",,,,25 sqm,"₱ 2,800,000","Potrero, Malabon",1 bedroom,1 bathroom,26,Unfurnished,Condo,For Sale,,,Freehold,,2 May 2022,Calvin Reyes
malabon,1,Murang Condo sa Manila (Perpetual Rights) VICTORIA DE HIDALGO,"PInaka Murang Condo sa ManilaFOR AS LOW AS 5k-12k/Month Only!! 
15k reservation fee!
✅ No spot-cash down payment
✅ Strategic location
✅ As of now monthly amortization is not required.
✅ For long term investment.
????With sports-complex amenities
sports????⛹????????????‍♂️????????‍♂️
???????? 1 basketball court????
???????? GYM ????????‍♂️????️
???????? pool????????‍♂️
???????? bowling 16 lanes????
???????? boxing ????‍♂️
???????? Multi-purpose Hall ????
???????? Commercial Areas and more..????Contact us through ;
calvin reyes

0936858----",,,,23 sqm,"₱ 8,000","Tugatog, Malabon",1 bedroom,1 bathroom,32,Unfurnished,Condo,For Sale,,,Freehold,,2 May 2022,Calvin Reyes
malabon,1,Makati Condo Rent to Own Paseo De Roces Amorsolo Ayala,"2 Bedroom Condo for Sale or Rent in Makati, Metro Manila2 Bedroom Condo for Sale or Rent in Makati, Metro Manila2 Bedroom Condo for Sale or Rent in Makati, Metro Manila2 Bedroom Condo for Sale or Rent in Metro Manila near LRT-2 Recto2 Bedroom Condo for Sale or Rent in Makati, Metro ManilaLEASE TO OWN THE PASEO DE ROCESTCP: 8,600,000MONTHLY AMORTIZATION : 46,000Total Cash out to move in/ 4 months security deposit 1 Month advance: 290,00080% BALANCE BF/CASH/LUMPSUM: 7,060,0002 Bedroom Condo for Sale or Rent in Makati, Metro Manila2 Bedroom Condo for Sale or Rent in Makati, Metro Manila2 Bedroom Condo for Sale or Rent in Makati, Metro Manila2 Bedroom Condo for Sale or Rent in Metro Manila near LRT-2 Recto2 Bedroom Condo for Sale or Rent in Makati, Metro Manila47k monthly the oriental place studio with parking slot pasong tamo chino roces buendia pasay road arnaiz47k mo Rent to own condo studio with parking near greenbelt glorietta landmark waltermart little tokyo cinema square47k monthly rent to own condo units in makati paseo de roxas dela rosa rofino salcedo legazpi village47k monthly rent to own ONE BEDROOM Ready for Occupancy RFO Rent to own roxas zobel san Antonio makati47,000 monthly RENT TO OWN Condo Ready for occupancy studio type with parking little tokyo waltermart makati cinema square46k monthly Rent to own affordable pasong tamo chino roces pasay road arnaiz magallanes kalayaan paseo de roxas rofino dela rosa2 bedroom Condo for Sale or Rent in Paseo De Roces, Makati, Metro ManilaCondo for Sale or Rent in Makati, Metro Manila near MRT-3 AyalaReady for Occupancy Condo in makati near MCondo for Sale or Rent in Makati, Metro Manila near MRT-3 AyalaReady for Occupancy Condo in makati near Makati Medical Center Condo in Legazpi Village MakatiFOR SALE RENT TO OWN CONDO IN MAKATI CHINO ROCES PASEO DE ROCES AT THE BACK OF AMORSOLO V.A RUFINO MAKATI MED LEGAZPI SALCEDO VILLAGE NEAR DON BOSCO CHURCH SCHOOL FEU CEU MAPUA MAKATI2 Bedroom Condo for Sale or Rent in Pio Del Pilar, Metro Manila2 Bedroom Condo for Sale or Rent in Makati, Metro ManilaPASEO DE ROCES RENT TO OWN condo in makati fEW UNITS AVAILABLE MAKFOR SALE RENT TO OWN CONDO IN MAKATI CHINO ROCES PASEO DE ROCES AT THE BACK OF AMORSOLO V.A RUFINO MAKATI MED LEGAZPI SALCEDO VILLAGE NEAR DON BOSCO CHURCH SCHOOL FEU CEU MAPUA MAKATI2 Bedroom Condo for Sale or Rent in Pio Del Pilar, Metro Manila2 Bedroom Condo for Sale or Rent in Makati, Metro ManilaPASEO DE ROCES RENT TO OWN condo in makati fEW UNITS AVAILABLE MAKATI RENT TO OWN CHINO ROCES MAKATI MAKATI CITYPaseo de Roces is a two-tower condominium community that matches the excitement of Makati City, the vibrance of life with its outstanding amenities, exclusive community, and the convenience of having it all in one place – all put together add up to one great home.,Condominium in makati Rent to own ready for occupancy in chino roces pio del pilar makati NEAR SALCEDO LEGAZPI VILLAGE AMORSOLO RUFINO ST.Near Ayala Paseo de roxas MakatiNear makati Ave Ayala makatiNear PasayNear FEU CEU MAPUA DON BOSCO MAKATINEAR TECHZONE BURGUNDY PBCOM RCBC YUCHENGCO BUILDING ENTERPRISE MAKATI MAKATI CITYNEAR GLORIETTALANDMARK SM MAKATI WALTERMART MAKATI CENTRAL SQUARENEAR PBCOM BURGUNDY RCBC GT TOWER SKYLAND AXANEAR MAKATI MEDICAL CENTER OSPITAL NG MAKATINEAR DON CHINO ROCES AVE MAKATI CITY AMORSOLO PRCLocated close to the Makati Central Business District, just a walk from the Sunday Markets, luxury malls, offices, and parks, Paseo de Roces is a home that is truly yours in a city that is yours, too.Even the windows of every polished condo fo ty that matches the excitement of Makati City, the vibrance of life with its outstanding amenities, exclusive community, and the convenience of having it all in one place – all put together add up to one great home.Condominium in makati Rent to own ready for occupancy in chino roces pio del pilar makati NEAR SALCEDO LEGAZPI VILLAGE AMORSOLO RUFINO ST.Near Magallanes Makatinear Guadalupe MakatiNear Ayala Paseo de roxas MakatiNear makati Ave Ayala makatiNear PasayNear FEU CEU MAPUA DON BOSCO MAKATINEAR TECHZONE BURGUNDY PBCOM RCBC YUCHENGCO BUILDING ENTERPRISE MAKATI MAKATI CITYNEAR GLORIETTALANDMARK SM MAKATI WALTERMART MAKATI CENTRAL SQUARENEAR PBCOM BURGUNDY RCBC GT TOWER SKYLAND AXANEAR MAKATI MEDICAL CENTER OSPITAL NG MAKATINEAR DON CHINO ROCES AVE MAKATI CITY AMORSOLO PRCLocated close to the Makati Central Business District, just a walk from the Sunday Markets, luxury malls, offices, and parks, Paseo de Roces is a home that is truly yours in a city that is yours, too.Even the windows of every polished condo for sale perfectly capture the marvelous skyline of Makati and the relaxing view of the residences’ amenity deck, which has plenty of options to match your every interest.The excitement of Makati City, the vibrance of life with amenities, the privacy of an exclusive building, and the convenience of having it all in one place – all put together add up to one great homePaco ManilaQuirino Ave Extension near Philippine Columbian and behind Robinson Otis MallFor more details Pls Contact:1 Bedroom Condo for Sale or Rent in Makati, Metro ManilaPASEO DE ROCES RENT TO OWN condo in makati fEW UNITS AVAILABLE MAKATI RENT TO OWN CHINO ROCES MAKATI MAKATI CITYPaseo de Roces is a two-tower condominium communi PASEO DE ROCES RENT TO OWN condo in makati fEW UNITS AVAILABLE MAKATI RENT TO OWN CHINO ROCES MAKATI MAKATI CITYPaseo de Roces is a two-tower condominium community that matches the excitement of Makati City, the vibrance of life with its outstanding amenities, exclusive community, and the convenience of having it all in one place – all put together add up to one great home.,Condominium in makati Rent to own ready for occupancy in chino roces pio del pilar makati NEAR SALCEDO LEGAZPI VILLAGE AMORSOLO RUFINO ST.Near Magallanes Makatinear Guadalupe MakatiNear Ayala Paseo de roxas MakatiNear makati Ave Ayala makatiNear PasayNear FEU CEU MAPUA DON BOSCO MAKATINEAR TECHZONE BURGUNDY PBCOM RCBC YUCHENGCO BUILDING ENTERPRISE MAKATI MAKATI CITYNEAR GLORIETTALANDMARK SM MAKATI WALTERMART MAKATI CENTRAL SQUARENEAR PBCOM BURGUNDY RCBC GT TOWER SKYLAND AXANEAR MAKATI MEDICAL CENTER OSPITAL NG MAKATINEAR DON CHINO ROCES AVE MAKATI CITY AMORSOLO PRCLocated close to the Makati Central Business District, just a walk from the Sunday Markets, luxury malls, offices, and parks, Paseo de Roces is a home that is truly yours in a city that is yours, too.Even the windows of every polished condo fo ty that matches the excitement of Makati City, the vibrance of life with its outstanding amenities, exclusive community, and the convenience of having it all in one place – all put together add up to one great home.Condominium in makati Rent to own ready for occupancy in chino roces pio del pilar makati NEAR SALCEDO LEGAZPI VILLAGE AMORSOLO RUFINO ST.Near Magallanes Makatinear Guadalupe MakatiNear Ayala Paseo de roxas MakatiNear makati Ave Ayala makatiNear PasayNear FEU CEU MAPUA DON BOSCO MAKATINEAR TECHZONE BURGUNDY PBCOM RCBC YUCHENGCO BUILDING ENTERPRISE MAKATI MAKATI CITYNEAR GLORIETTALANDMARK SM MAKATI WALTERMART MAKATI CENTRAL SQUARENEAR PBCOM BURGUNDY RCBC GT TOWER SKYLAND AXANEAR MAKATI MEDICAL CENTER OSPITAL NG MAKATINEAR DON CHINO ROCES AVE MAKATI CITY AMORSOLO PRCLocated close to the Makati Central Business District, just a walk from the Sunday Markets, luxury malls, offices, and parks, Paseo de Roces is a home that is truly yours in a city that is yours, too.Even the windows of every polished condo for sale perfectly capture the marvelous skyline of Makati and the relaxing view of the residences’ amenity deck, which has plenty of options to match your every interest.The excitement of Makati City, the vibrance of life with amenities, the privacy of an exclusive building, and the convenience of having it all in one place – all put together add up to one great home.AmenitiesIndoorMulti-purpose function roomsFitness GymDay CareKid's CenterConference RoomBusiness CenterGame Room / iPad RoomOutdoorAdult / Kiddie Swimming PoolOutdoor Children's Play AreaOutdoor Fitness StationReflecting PondMeditation GardenReflexology WalkOpen Gazebo / CabanaJogging PathLandscaped Garden Area / View garden deck at podiumBuilding Facilities And Services4 Elevators (3 passenger, 1 service)Audio Entry System24 hour building securityAutomatic Fire Suppression Systaem (AFSS); water-basedFire Detection and Alarm System (FDAS) for common areasStand-by Power Generator100% Back-Up for Common Areas10-15% for residential unitsMail RoomRestaurantsMakati Chef Garden Restaurant - 0.11 kmJyukai Japanese Restaurant - 0.11 kmPancake House - 0.14 kmJobsite Grill - 0.19 kmSekitori - 0.27 kmHospitalsAventus - 0.20 kmMakati Medical Center - 0.36 kmMakati Medical Center - 0.36 kmSupercare Medical Services Incorporated Makati Branch - 0.75 kmSchoolsGen. Pio del Pilar Elementary School 1 - 0.23 kmMicrocadd Institute Makati - 0.29 kmSTI College - 0.43 kmThe Bridge - 0.44 kmCentro Escolar University - 0.51 kmSupermarketsCyotto Stop - 0.29 kmYamazaki - 0.31 kmRobinsons Department Store - 0.55 kmWalter Mart Horizon Land MakatiHorizon Land MakatiHorizon Land MakatiUP – Philippine General Hospital (3.1 km)Manila Medical Center (3.9 km)Manila Doctors’ Hospital (3.7 km)Schools:Arellano University (900 m)De La Salle University (1.3 km)De La Salle-College of Saint Benilde (1.3 km)St. Scholastica’s College (1.4 km)Philippine Women’s University (2.5 km)St. Paul University Manila (3.8 km)University of the Philippines – Manila (2.9 km)AmenitiesIndoorDay CareIndoor Kiddie PoolRENT TO OWN CONDO IN MAKATI , MAKATI CITYOther project location:Makati CityDon Chino Roces and Legazpi Village near RCBC plaza, Greenbelt mall and Ayala avenueReady for Occupancy:The Oriental PlaceOriental Garden MakatiThe Grand Midori MakatiSkyland PlazaAurora TowerPhil AXA TowerG.T Tower InternationalPre selling:Paseo De RocesPasay CityMacapagal Boulevard, Bay Area near MOA and Blue Bay WalkREADY FOR OCCUPANCY:Baygarden Club and ResidencesRoxas Seafront GardensOcean TowerMetropolitan Technological ComplexBlue Bay MallMetroparkBlue Bay WalkPre selling:Six Senses ResidencesPalm Beach VillasPalm Beach WestQuantum ResidencesTaguigNorth BGC near uptown mallReady for Occupancy:Grand Hyatt ResidencesPark westPRE SELLING UNITMadison Park WestTime square westCentral Park WestPark AvenueGrand Central ParkSunshine fortPaco ManilaQuirino Ave Extension near Philippine Columbian and behind Robinson Otis MallATI RENT TO OWN CHINO ROCES MAKATI MAKATI CITYPaseo de Roces is a two-tower condominium communi PASEO DE ROCES RENT TO OWN condo in makati fEW UNITS AVAILABLE MAKATI RENT TO OWN CHINO ROCES MAKATI MAKATI CITYPaseo de Roces is a two-tower condominium community that matches the excitement of Makati City, the vibrance of life with its outstanding amenities, exclusive community, and the convenience of having it all in one place – all put together add up to one great home.,Condominium in makati Rent to own ready for occupancy in chino roces pio del pilar makati NEAR SALCEDO LEGAZPI VILLAGE AMORSOLO RUFINO ST.Near Ayala Paseo de roxas MakatiNear makati Ave Ayala makatiNear PasayNear FEU CEU MAPUA DON BOSCO MAKATINEAR TECHZONE BURGUNDY PBCOM RCBC YUCHENGCO BUILDING ENTERPRISE MAKATI MAKATI CITYNEAR GLORIETTALANDMARK SM MAKATI WALTERMART MAKATI CENTRAL SQUARENEAR PBCOM BURGUNDY RCBC GT TOWER SKYLAND AXANEAR MAKATI MEDICAL CENTER OSPITAL NG MAKATINEAR DON CHINO ROCES AVE MAKATI CITY AMORSOLO PRCLocated close to the Makati Central Business District, just a walk from the Sunday Markets, luxury malls, offices, and parks, Paseo de Roces is a home that is truly yours in a city that is yours, too.Even the windows of every polished condo fo ty that matches the excitement of Makati City, the vibrance of life with its outstanding amenities, exclusive community, and the convenience of having it all in one place – all put together add up to one great home.Condominium in makati Rent to own ready for occupancy in chino roces pio del pilar makati NEAR SALCEDO LEGAZPI VILLAGE AMORSOLO RUFINO ST.Near Magallanes Makatinear Guadalupe MakatiNear Ayala Paseo de roxas MakatiNear makati Ave Ayala makatiNear PasayNear FEU CEU MAPUA DON BOSCO MAKATINEAR TECHZONE BURGUNDY PBCOM RCBC YUCHENGCO BUILDING ENTERPRISE MAKATI MAKATI CITYNEAR GLORIETTALANDMARK SM MAKATI WALTERMART MAKATI CENTRAL SQUARENEAR PBCOM BURGUNDY RCBC GT TOWER SKYLAND AXANEAR MAKATI MEDICAL CENTER OSPITAL NG MAKATINEAR DON CHINO ROCES AVE MAKATI CITY AMORSOLO PRCLocated close to the Makati Central Business District, just a walk from the Sunday Markets, luxury malls, offices, and parks, Paseo de Roces is a home that is truly yours in a city that is yours, too.Even the windows of every polished condo for sale perfectly capture the marvelous skyline of Makati and the relaxing view of the residences’ amenity deck, which has plenty of options to match your every interest.The excitement of Makati City, the vibrance of life with amenities, the privacy of an exclusive building, and the convenience of having it all in one place – all put together add up to one great home.Quirino Ave Extension near Philippine Columbian and behind Robinson Otis MallFor more details Pls Contact:1 Bedroom Condo for Sale or Rent in Makati, Metro ManilaPASEO DE ROCES RENT TO OWN condo in makati fEW UNITS AVAILABLE MAKATI RENT TO OWN CHINO ROCES MAKATI MAKATI CITYPaseo de Roces is a two-tower condominium communi PASEO DE ROCES RENT TO OWN condo in makati fEW UNITS AVAILABLE MAKATI RENT TO OWN CHINO ROCES MAKATI MAKATI CITYPaseo de Roces is a two-tower condominium community that matches the excitement of Makati City, the vibrance of life with its outstanding amenities, exclusive community, and the convenience of having it all in one place – all put together add up to one great home.,Condominium in makati Rent to own ready for occupancy in chino roces pio del pilar makati NEAR SALCEDO LEGAZPI VILLAGE AMORSOLO RUFINO ST.Near Magallanes Makatinear Guadalupe MakatiNear Ayala Paseo de roxas MakatiNear makati Ave Ayala makatiNear PasayNear FEU CEU MAPUA DON BOSCO MAKATINEAR TECHZONE BURGUNDY PBCOM RCBC YUCHENGCO BUILDING ENTERPRISE MAKATI MAKATI CITYNEAR GLORIETTALANDMARK SM MAKATI WALTERMART MAKATI CENTRAL SQUARENEAR PBCOM BURGUNDY RCBC GT TOWER SKYLAND AXANEAR MAKATI MEDICAL CENTER OSPITAL NG MAKATINEAR DON CHINO ROCES AVE MAKATI CITY AMORSOLO PRCLocated close to the Makati Central Business District, just a walk from the Sunday Markets, luxury malls, offices, and parks, Paseo de Roces is a home that is truly yours in a city that is yours, too.Even the windows of every polished condo fo ty that matches the excitement of Makati City, the vibrance of life with its outstanding amenities, exclusive community, and the convenience of having it all in one place – all put together add up to one great home.Condominium in makati Rent to own ready for occupancy in chino roces pio del pilar makati NEAR SALCEDO LEGAZPI VILLAGE AMORSOLO RUFINO ST.Near Magallanes Makatinear Guadalupe MakatiNear Ayala Paseo de roxas MakatiNear makati Ave Ayala makatiNear PasayNear FEU CEU MAPUA DON BOSCO MAKATINEAR TECHZONE BURGUNDY PBCOM RCBC YUCHENGCO BUILDING ENTERPRISE MAKATI MAKATI CITYNEAR GLORIETTALANDMARK SM MAKATI WALTERMART MAKATI CENTRAL SQUARENEAR PBCOM BURGUNDY RCBC GT TOWER SKYLAND AXANEAR MAKATI MEDICAL CENTER OSPITAL NG MAKATINEAR DON CHINO ROCES AVE MAKATI CITY AMORSOLO PRCLocated close to the Makati Central Business District, just a walk from the Sunday Markets, luxury malls, offices, and parks, Paseo de Roces is a home that is truly yours in a city that is yours, too.Even the windows of every polished condo for sale perfectly capture the marvelous skyline of Makati and the relaxing view of the residences’ amenity deck, which has plenty of options to match your every interest.The excitement of Makati City, the vibrance of life with amenities, the privacy of an exclusive building, and the convenience of having it all in one place – all put together add up to one great home.Quirino Ave Extension near Philippine Columbian and behind Robinson Otis MallFor inquiries, site viewing and reservations please contact:akati Medical Center Condo in Legazpi Village Makatietro Manila1 Bedroom Condo for Sale or Rent in Makati, Metro Manila1 Bedroom Condo for Sale or Rent in Paseo De Roces, Makati, Metro ManilaCondo for Sale or Rent in Makati, Metro Manila near MRT-3 AyalaReady for Occupancy Condo in makati near MCondo for Sale or Rent in Makati, Metro Manila near MRT-3 AyalaReady for Occupancy Condo in makati near Makati Medical Center Condo in Legazpi Village MakatiFOR SALE RENT TO OWN CONDO IN MAKATI CHINO ROCES PASEO DE ROCES AT THE BACK OF AMORSOLO V.A RUFINO MAKATI MED LEGAZPI SALCEDO VILLAGE NEAR DON BOSCO CHURCH SCHOOL FEU CEU MAPUA MAKATI1 Bedroom Condo for Sale or Rent in Pio Del Pilar, Metro Manila1 Bedroom Condo for Sale or Rent in Makati, Metro ManilaPASEO DE ROCES RENT TO OWN condo in makati fEW UNITS AVAILABLE MAKFOR SALE RENT TO OWN CONDO IN MAKATI CHINO ROCES PASEO DE ROCES AT THE BACK OF AMORSOLO V.A RUFINO MAKATI MED LEGAZPI SALCEDO VILLAGE NEAR DON BOSCO CHURCH SCHOOL FEU CEU MAPUA MAKATI1 Bedroom Condo for Sale or Rent in Pio Del Pilar, Metro Manila1 Bedroom Condo for Sale or Rent in Makati, Metro ManilaPASEO DE ROCES RENT TO OWN condo in makati fEW UNITS AVAILABLE MAKATI RENT TO OWN CHINO ROCES MAKATI MAKATI CITYPaseo de Roces is a two-tower condominium communi PASEO DE ROCES RENT TO OWN condo in makati fEW UNITS AVAILABLE MAKATI RENT TO OWN CHINO ROCES MAKATI MAKATI CITYPaseo de Roces is a two-tower condominium community that matches the excitement of Makati City, the vibrance of life with its outstanding amenities, exclusive community, and the convenience of having it all in one place – all put together add up to one great home.,Condominium in makati Rent to own ready for occupancy in chino roces pio del pilar makati NEAR SALCEDO LEGAZPI VILLAGE AMORSOLO RUFINO ST.Near Ayala Paseo de roxas MakatiNear makati Ave Ayala makatiNear PasayNear FEU CEU MAPUA DON BOSCO MAKATINEAR TECHZONE BURGUNDY PBCOM RCBC YUCHENGCO BUILDING ENTERPRISE MAKATI MAKATI CITYNEAR GLORIETTALANDMARK SM MAKATI WALTERMART MAKATI CENTRAL SQUARENEAR PBCOM BURGUNDY RCBC GT TOWER SKYLAND AXANEAR MAKATI MEDICAL CENTER OSPITAL NG MAKATINEAR DON CHINO ROCES AVE MAKATI CITY AMORSOLO PRCLocated close to the Makati Central Business District, just a walk from the Sunday Markets, luxury malls, offices, and parks, Paseo de Roces is a home that is truly yours in a city that is yours, too.Even the windows of every polished condo fo ty that matches the excitement of Makati City, the vibrance of life with its outstanding amenities, exclusive community, and the convenience of having it all in one place – all put together add up to one great home.Condominium in makati Rent to own ready for occupancy in chino roces pio del pilar makati NEAR SALCEDO LEGAZPI VILLAGE AMORSOLO RUFINO ST.binson Otis MallFor more details Pls Contact:1 Bedroom Condo for Sale or Rent in Makati, Metro ManilaPASEO DE ROCES RENT TO OWN condo in makati fEW UNITS AVAILABLE MAKATI RENT TO OWN CHINO ROCES MAKATI MAKATI CITYPaseo de Roces is a two-tower condominium communi PASEO DE ROCES RENT TO OWN condo in makati fEW UNITS AVAILABLE MAKATI RENT TO OWN CHINO ROCES MAKATI MAKATI CITYPaseo de Roces is a two-tower condominium community that matches the excitement of Makati City, the vibrance of life with its outstanding amenities, exclusive community, and the convenience of having it all in one place – all put together add up to one great home.,Condominium in makati Rent to own ready for occupancy in chino roces pio del pilar makati NEAR SALCEDO LEGAZPI VILLAGE AMORSOLO RUFINO ST.Near Magallanes Makatinear Guadalupe MakatiNear Ayala Paseo de roxas MakatiNear makati Ave Ayala makatiNear PasayNear FEU CEU MAPUA DON BOSCO MAKATINEAR TECHZONE BURGUNDY PBCOM RCBC YUCHENGCO BUILDING ENTERPRISE MAKATI MAKATI CITYNEAR GLORIETTALANDMARK SM MAKATI WALTERMART MAKATI CENTRAL SQUARENEAR PBCOM BURGUNDY RCBC GT TOWER SKYLAND AXANEAR MAKATI MEDICAL CENTER OSPITAL NG MAKATINEAR DON CHINO ROCES AVE MAKATI CITY AMORSOLO PRCLocated close to the Makati Central Business District, just a walk from the Sunday Markets, luxury malls, offices, and parks, Paseo de Roces is a home that is truly yours in a city that is yours, too.Even the windows of every polished condo fo ty that matches the excitement of Makati City, the vibrance of life with its outstanding amenities, exclusive community, and the convenience of having it all in one place – all put together add up to one great home.Condominium in makati Rent to own ready for occupancy in chino roces pio del pilar makati NEAR SALCEDO LEGAZPI VILLAGE AMORSOLO RUFINO ST.Near Magallanes Makatinear Guadalupe MakatiNear Ayala Paseo de roxas MakatiNear makati Ave Ayala makatiNear PasayNear FEU CEU MAPUA DON BOSCO MAKATINEAR TECHZONE BURGUNDY PBCOM RCBC YUCHENGCO BUILDING ENTERPRISE MAKATI MAKATI CITY1 Bedroom Condo for Sale or Rent in Makati, M1 Bedroom Condo for Sale or Rent in Makati, Metro Manila1 Bedroom Condo for Sale or Rent in Makati, Metro Manila1 Bedroom Condo for Sale or Rent in Paseo De Roces, Makati, Metro ManilaCondo for Sale or Rent in Makati, Metro Manila near MRT-3 AyalaReady for Occupancy Condo in makati near MCondo for Sale or Rent in Makati, Metro Manila near MRT-3 AyalaReady for Occupancy Condo in makati near Makati Medical Center Condo in Legazpi Village MakatiFOR SALE RENT TO OWN CONDO IN MAKATI CHINO ROCES PASEO DE ROCES AT THE BACK OF AMORSOLO V.A RUFINO MAKATI MED LEGAZPI SALCEDO VILLAGE NEAR DON BOSCO CHURCH SCHOOL FEU CEU MAPUA MAKATI1 Bedroom Condo for Sale or Rent in Pio Del Pilar, Metro Manila1 Bedroom Condo for Sale or Rent in Makati, Metro ManilaPASEO DE ROCES RENT TO OWN condo in makati fEW UNITS AVAILABLE MAKFOR SALE RENT TO OWN CONDO IN MAKATI CHINO ROCES PASEO DE ROCES AT THE BACK OF AMORSOLO V.A RUFINO MAKATI MED LEGAZPI SALCEDO VILLAGE NEAR DON BOSCO CHURCH SCHOOL FEU CEU MAPUA MAKATI1 Bedroom Condo for Sale or Rent in Pio Del Pilar, Metro Manila1 Bedroom Condo for Sale or Rent in Makati, Metro ManilaPASEO DE ROCES RENT TO OWN condo in makati fEW UNITS AVAILABLE MAKATI RENT TO OWN CHINO ROCES MAKATI MAKATI CITYPaseo de Roces is a two-tower condominium communi PASEO DE ROCES RENT TO OWN condo in makati fEW UNITS AVAILABLE MAKATI RENT TO OWN CHINO ROCES MAKATI MAKATI CITYPaseo de Roces is a two-tower condominium community that matches the excitement of Makati City, the vibrance of life with its outstanding amenities, exclusive community, and the convenience of having it all in one place – all put together add up to one great home.,Condominium in makati Rent to own ready for occupancy in chino roces pio del pilar makati NEAR SALCEDO LEGAZPI VILLAGE AMORSOLO RUFINO ST.Near Ayala Paseo de roxas MakatiNear makati Ave Ayala makatiNear PasayNear FEU CEU MAPUA DON BOSCO MAKATINEAR TECHZONE BURGUNDY PBCOM RCBC YUCHENGCO BUILDING ENTERPRISE MAKATI MAKATI CITYNEAR GLORIETTALANDMARK SM MAKATI WALTERMART MAKATI CENTRAL SQUARENEAR PBCOM BURGUNDY RCBC GT TOWER SKYLAND AXANEAR MAKATI MEDICAL CENTER OSPITAL NG MAKATINEAR DON CHINO ROCES AVE MAKATI CITY AMORSOLO PRCLocated close to the Makati Central Business District, just a walk from the Sunday Markets, luxury malls, offices, and parks, Paseo de Roces is a home that is truly yours in a city that is yours, too.Even the windows of every polished condo fo ty that matches the excitement of Makati City, the vibrance of life with its outstanding amenities, exclusive community, and the convenience of having it all in one place – all put together add up to one great home.Condominium in makati Rent to own ready for occupancy in chino roces pio del pilar makati NEAR SALCEDO LEGAZPI VILLAGE AMORSOLO RUFINO ST.Near Magallanes Makatinear Guadalupe MakatiNear Ayala Paseo de roxas MakatiNear makati Ave Ayala makatiNear PasayNear FEU CEU MAPUA DON BOSCO MAKATINEAR TECHZONE BURGUNDY PBCOM RCBC YUCHENGCO BUILDING ENTERPRISE MAKATI MAKATI CITYNEAR GLORIETTALANDMARK SM MAKATI WALTERMART MAKATI CENTRAL SQUARENEAR PBCOM BURGUNDY RCBC GT TOWER SKYLAND AXANEAR MAKATI MEDICAL CENTER OSPITAL NG MAKATINEAR DON CHINO ROCES AVE MAKATI CITY AMORSOLO PRCLocated close to the Makati Central Business District, just a walk from the Sunday Markets, luxury malls, offices, and parks, Paseo de Roces is a home that is truly yours in a city that is yours, too.Even the windows of every polished condo for sale perfectly capture the marvelous skyline of Makati and the relaxing view of the residences’ amenity deck, which has plenty of options to match your every interest.The excitement of Makati City, the vibrance of life with amenities, the privacy of an exclusive building, and the convenience of having it all in one place – all put together add up to one great home.2 Bedroom Condo for Sale or Rent in Makati, Metro ManilaLEASE TO OWN THE ORIENTAL PLACETCP: 8,700,00020% DP PAYABLE FOR 30 MONTHS: 1,740,000MONTHLY AMORTIZATION : 58,000Total Cash out to move in/ 4 months security deposit 1 Month advance: 290,00080% BALANCE BF/CASH/LUMPSUM: 6,960,0002 Bedroom Condo for Sale or Rent in Makati, Metro Manila2 Bedroom Condo for Sale or Rent in Makati, Metro Manila1 Bedroom Condo for Sale or Rent in Makati, Metro Manila2 Bedroom Condo for Sale or Rent in Metro Manila near LRT-2 Recto2 Bedroom Condo for Sale or Rent in Makati, Metro Manila58k monthly the oriental place studio with parking slot pasong tamo chino roces buendia pasay road arnaiz58k mo Rent to own condo studio with parking near greenbelt glorietta landmark waltermart little tokyo cinema square58k monthly rent to own condo units in makati paseo de roxas dela rosa rofino salcedo legazpi village58k monthly rent to own studio type Ready for Occupancy RFO Rent to own roxas zobel san Antonio makati58,000 monthly RENT TO OWN Condo Ready for occupancy studio type with parking little tokyo waltermart makati cinema square32k monthly Rent to own affordable pasong tamo chino roces pasay road arnaiz magallanes kalayaan paseo de roxas rofino dela rosa2 bedroom Condo for Sale or Rent in Paseo De Roces, Makati, Metro ManilaCondo for Sale or Rent in Makati, Metro Manila near MRT-3 AyalaReady for Occupancy Condo in makati near MCondo for Sale or Rent in Makati, Metro Manila near MRT-3 AyalaReady for Occupancy Condo in makati near Makati Medical Center Condo in Legazpi Village MakatiFOR SALE RENT TO OWN CONDO IN MAKATI CHINO ROCES PASEO DE ROCES AT THE BACK OF AMORSOLO V.A RUFINO MAKATI MED LEGAZPI SALCEDO VILLAGE NEAR DON BOSCO CHURCH SCHOOL FEU CEU MAPUA MAKATI1 Bedroom Condo for Sale or Rent in Pio Del Pilar, Metro Manila1 Bedroom Condo for Sale or Rent in Makati, Metro ManilaPASEO DE ROCES RENT TO OWN condo in makati fEW UNITS AVAILABLE MAKFOR SALE RENT TO OWN CONDO IN MAKATI CHINO ROCES PASEO DE ROCES AT THE BACK OF AMORSOLO V.A RUFINO MAKATI MED LEGAZPI SALCEDO VILLAGE NEAR DON BOSCO CHURCH SCHOOL FEU CEU MAPUA MAKATI1 Bedroom Condo for Sale or Rent in Pio Del Pilar, Metro Manila1 Bedroom Condo for Sale or Rent in Makati, Metro ManilaPASEO DE ROCES RENT TO OWN condo in makati fEW UNITS AVAILABLE MAKATI RENT TO OWN CHINO ROCES MAKATI MAKATI CITYPaseo de Roces is a two-tower condominium community that matches the excitement of Makati City, the vibrance of life with its outstanding amenities, exclusive community, and the convenience of having it all in one place – all put together add up to one great home.,Condominium in makati Rent to own ready for occupancy in chino roces pio del pilar makati NEAR SALCEDO LEGAZPI VILLAGE AMORSOLO RUFINO ST.Near Ayala Paseo de roxas MakatiNear makati Ave Ayala makatiNear PasayNear FEU CEU MAPUA DON BOSCO MAKATINEAR TECHZONE BURGUNDY PBCOM RCBC YUCHENGCO BUILDING ENTERPRISE MAKATI MAKATI CITYNEAR GLORIETTALANDMARK SM MAKATI WALTERMART MAKATI CENTRAL SQUARENEAR PBCOM BURGUNDY RCBC GT TOWER SKYLAND AXANEAR MAKATI MEDICAL CENTER OSPITAL NG MAKATINEAR DON CHINO ROCES AVE MAKATI CITY AMORSOLO PRCLocated close to the Makati Central Business District, just a walk from the Sunday Markets, luxury malls, offices, and parks, Paseo de Roces is a home that is truly yours in a city that is yours, too.Even the windows of every polished condo fo ty that matches the excitement of Makati City, the vibrance of life with its outstanding amenities, exclusive community, and the convenience of having it all in one place – all put together add up to one great home.Condominium in makati Rent to own ready for occupancy in chino roces pio del pilar makati NEAR SALCEDO LEGAZPI VILLAGE AMORSOLO RUFINO ST.Near Magallanes Makatinear Guadalupe MakatiNear Ayala Paseo de roxas MakatiNear makati Ave Ayala makatiNear PasayNear FEU CEU MAPUA DON BOSCO MAKATINEAR TECHZONE BURGUNDY PBCOM RCBC YUCHENGCO BUILDING ENTERPRISE MAKATI MAKATI CITYNEAR GLORIETTALANDMARK SM MAKATI WALTERMART MAKATI CENTRAL SQUARENEAR PBCOM BURGUNDY RCBC GT TOWER SKYLAND AXANEAR MAKATI MEDICAL CENTER OSPITAL NG MAKATINEAR DON CHINO ROCES AVE MAKATI CITY AMORSOLO PRCLocated close to the Makati Central Business District, just a walk from the Sunday Markets, luxury malls, offices, and parks, Paseo de Roces is a home that is truly yours in a city that is yours, too.Even the windows of every polished condo for sale perfectly capture the marvelous skyline of Makati and the relaxing view of the residences’ amenity deck, which has plenty of options to match your every interest.The excitement of Makati City, the vibrance of life with amenities, the privacy of an exclusive building, and the convenience of having it all in one place – all put together add up to one great home.Near FEU CEU MAPUA DON BOSCO MAKATINEAR TECHZONE BURGUNDY PBCOM RCBC YUCHENGCO BUILDING ENTERPRISE MAKATI MAKATI CITYNEAR GLORIETTALANDMARK SM MAKATI WALTERMART MAKATI CENTRAL SQUARENEAR PBCOM BURGUNDY RCBC GT TOWER SKYLAND AXANEAR MAKATI MEDICAL CENTER OSPITAL NG MAKATINEAR DON CHINO ROCES AVE MAKATI CITY AMORSOLO PRCLocated close to the Makati Central Business District, just a walk from the Sunday Markets, luxury malls, offices, and parks, Paseo de Roces is a home that is truly yours in a city that is yours, too.Even the windows of every polished condo fo ty that matches the excitement of Makati City, the vibrance of life with its outstanding amenities, exclusive community, and the convenience of having it all in one place – all put together add up to one great home.Condominium in makati Rent to own ready for occupancy in chino roces pio del pilar makati NEAR SALCEDO LEGAZPI VILLAGE AMORSOLO RUFINO ST.Near Magallanes Makatinear Guadalupe MakatiNear Ayala Paseo de roxas MakatiNear makati Ave Ayala makatiNear PasayNear FEU CEU MAPUA DON BOSCO MAKATINEAR TECHZONE BURGUNDY PBCOM RCBC YUCHENGCO BUILDING ENTERPRISE MAKATI MAKATI CITYNEAR GLORIETTALANDMARK SM MAKATI WALTERMART MAKATI CENTRAL SQUARENEAR PBCOM BURGUNDY RCBC GT TOWER SKYLAND AXANEAR MAKATI MEDICAL CENTER OSPITAL NG MAKATINEAR DON CHINO ROCES AVE MAKATI CITY AMORSOLO PRCLocated close to the Makati Central Business District, just a walk from the Sunday Markets, luxury malls, offices, and parks, Paseo de Roces is a home that is truly yours in a city that is yours, too.Even the windows of every polished condo for sale perfectly capture the marvelous skyline of Makati and the relaxing view of the residences’ amenity deck, which has plenty of options to match your every interest.The excitement of Makati City, the vibrance of life with amenities, the privacy of an exclusive building, and the convenience of having it all in one place – all put together add up to one great home.Quirino Ave Extension near Philippine Columbian and behind Robinson Otis MallATI RENT TO OWN CHINO ROCES MAKATI MAKATI CITYPaseo de Roces is a two-tower condominium communi PASEO DE ROCES RENT TO OWN condo in makati fEW UNITS AVAILABLE MAKATI RENT TO OWN CHINO ROCES MAKATI MAKATI CITYPaseo de Roces is a two-tower condominium community that matches the excitement of Makati City, the vibrance of life with its outstanding amenities, exclusive community, and the convenience of having it all in one place – all put together add up to one great home.,Condominium in makati Rent to own ready for occupancy in chino roces pio del pilar makati NEAR SALCEDO LEGAZPI VILLAGE AMORSOLO RUFINO ST.Near Ayala Paseo de roxas MakatiNear makati Ave Ayala makatiNear PasayNear FEU CEU MAPUA DON BOSCO MAKATINEAR TECHZONE BURGUNDY PBCOM RCBC YUCHENGCO BUILDING ENTERPRISE MAKATI MAKATI CITYNEAR GLORIETTALANDMARK SM MAKATI WALTERMART MAKATI CENTRAL SQUARENEAR PBCOM BURGUNDY RCBC GT TOWER SKYLAND AXANEAR MAKATI MEDICAL CENTER OSPITAL NG MAKATINEAR DON CHINO ROCES AVE MAKATI CITY AMORSOLO PRCLocated close to the Makati Central Business District, just a walk from the Sunday Markets, luxury malls, offices, and parks, Paseo de Roces is a home that is truly yours in a city that is yours, too.Even the windows of every polished condo fo ty that matches the excitement of Makati City, the vibrance of life with its outstanding amenities, exclusive community, and the convenience of having it all in one place – all put together add up to one great home.Condominium in makati Rent to own ready for occupancy in chino roces pio del pilar makati NEAR SALCEDO LEGAZPI VILLAGE AMORSOLO RUFINO ST.Near Magallanes Makatinear Guadalupe MakatiNear Ayala Paseo de roxas MakatiNear makati Ave Ayala makatiNear PasayNear FEU CEU MAPUA DON BOSCO MAKATINEAR TECHZONE BURGUNDY PBCOM RCBC YUCHENGCO BUILDING ENTERPRISE MAKATI MAKATI CITYNEAR GLORIETTALANDMARK SM MAKATI WALTERMART MAKATI CENTRAL SQUARENEAR PBCOM BURGUNDY RCBC GT TOWER SKYLAND AXANEAR MAKATI MEDICAL CENTER OSPITAL NG MAKATINEAR DON CHINO ROCES AVE MAKATI CITY AMORSOLO PRCLocated close to the Makati Central Business District, just a walk from the Sunday Markets, luxury malls, offices, and parks, Paseo de Roces is a home that is truly yours in a city that is yours, too.Even the windows of every polished condo for sale perfectly capture the marvelous skyline of Makati and the relaxing view of the residences’ amenity deck, which has plenty of options to match your every interest.The excitement of Makati City, the vibrance of life with amenities, the privacy of an exclusive building, and the convenience of having it all in one place – all put together add up to one great home.Quirino Ave Extension near Philippine Columbian and behind Robinson Otis MallFor more details Pls Contact:1 Bedroom Condo for Sale or Rent in Makati, Metro ManilaPASEO DE ROCES RENT TO OWN condo in makati fEW UNITS AVAILABLE MAKATI RENT TO OWN CHINO ROCES MAKATI MAKATI CITYPaseo de Roces is a two-tower condominium communi PASEO DE ROCES RENT TO OWN condo in makati fEW UNITS AVAILABLE MAKATI RENT TO OWN CHINO ROCES MAKATI MAKATI CITYPaseo de Roces is a two-tower condominium community that matches the excitement of Makati City, the vibrance of life with its outstanding amenities, exclusive community, and the convenience of having it all in one place – all put together add up to one great home.,Condominium in makati Rent to own ready for occupancy in chino roces pio del pilar makati NEAR SALCEDO LEGAZPI VILLAGE AMORSOLO RUFINO ST.Near Magallanes Makatinear Guadalupe MakatiNear Ayala Paseo de roxas MakatiNear makati Ave Ayala makatiNear PasayNear FEU CEU MAPUA DON BOSCO MAKATINEAR TECHZONE BURGUNDY PBCOM RCBC YUCHENGCO BUILDING ENTERPRISE MAKATI MAKATI CITYNEAR GLORIETTALANDMARK SM MAKATI WALTERMART MAKATI CENTRAL SQUARENEAR PBCOM BURGUNDY RCBC GT TOWER SKYLAND AXANEAR MAKATI MEDICAL CENTER OSPITAL NG MAKATINEAR DON CHINO ROCES AVE MAKATI CITY AMORSOLO PRCLocated close to the Makati Central Business District, just a walk from the Sunday Markets, luxury malls, offices, and parks, Paseo de Roces is a home that is truly yours in a city that is yours, too.Even the windows of every polished condo fo ty that matches the excitement of Makati City, the vibrance of life with its outstanding amenities, exclusive community, and the convenience of having it all in one place – all put together add up to one great home.Condominium in makati Rent to own ready for occupancy in chino roces pio del pilar makati NEAR SALCEDO LEGAZPI VILLAGE AMORSOLO RUFINO ST.Near Magallanes Makatinear Guadalupe Makati it all in one place – all put together add up to one great home.",,,,48 sqm,,"Acacia, Malabon",2 bedrooms,2 bathrooms,20,,Condo,Buy & Rent,,,,,30 Sep 2021,Kristine Joy Pascua
malabon,1,FOR SALE FULLY FURNISHED 3 BEDROOM with Parking in Fairway Terraces Villamor Airbase Pasay near Airport READY FOR OCCUPANCY,"RESALE UNIT-  READY FOR OCCUPANCY 
3 BEDROOM 78SQM.
WITH PARKING B1

Fully Furnished

Contact me for viewing. WEEKDAYS ONLY",Fairway Tarraces,Fairway Tarraces,,78 sqm,"₱ 14,000,000","Tugatog, Malabon",2 bedrooms,2 bathrooms,19,Fully furnished,Condo,For Sale,,,Freehold,https://www.lamudi.com.ph/projects/41032-73-acd00bc7f89c-c4a8-53d2d97a-a05e-4eab,22 Jul 2021,Kintsugi Realty Services
