hospital,beds,category,street,city,sec,full_address,latitude,longitude
"ALLIED CARE EXPERTS (ACE) MEDICAL
CENTER - QUEZON CITY, INC.",100,LEVEL 2,"NO. 20 SEMINARY ROAD, BAHAY TORO,
PROJECT 8",QUEZON CITY,P,"ALLIED CARE EXPERTS (ACE) MEDICAL
CENTER - QUEZON CITY, INC., NO. 20 SEMINARY ROAD, BAHAY TORO,
PROJECT 8, QUEZON CITY, METRO MANILA, PHILIPPINES",14.6604158,121.017192
AMANG RODRIGUEZ MEMORIAL MEDICAL CENTER,300,LEVEL 3,"SUMULONG HIWAY, BRGY. STO. NIÑO,",MARIKINA CITY,G,"AMANG RODRIGUEZ MEMORIAL MEDICAL CENTER, SUMULONG HIWAY, BRGY. STO. NIÑO,, MARIKINA CITY, METRO MANILA, PHILIPPINES",14.6358837,121.0982344
BERNARDINO GENERAL HOSPITAL I,80,LEVEL 2,"680 QUIRINO HIGHWAY, SAN
BARTOLOME, NOVALICHES,",QUEZON CITY,P,"BERNARDINO GENERAL HOSPITAL I, 680 QUIRINO HIGHWAY, SAN
BARTOLOME, NOVALICHES,, QUEZON CITY, METRO MANILA, PHILIPPINES",14.7003056,121.0349539
BERNARDINO GENERAL HOSPITAL II,35,LEVEL 1,"B1 L2 NORTH OLYMPUS SUBD., ZABARTE ROAD, BRGY. KALIGAYAHAN,
NOVALICHES,",QUEZON CITY,P,"BERNARDINO GENERAL HOSPITAL II, B1 L2 NORTH OLYMPUS SUBD., ZABARTE ROAD, BRGY. KALIGAYAHAN,
NOVALICHES,, QUEZON CITY, METRO MANILA, PHILIPPINES",14.7381635,121.0470595
"CABARLES MATERNITY (LYING-IN), MEDICAL AND CHILDREN'S CLINIC",9,INF/DISP,"2 HEAVENLY DRIVE, CORNER SUSANO ROAD, SAN AGUSTIN, NOVALICHES",QUEZON CITY,P,"CABARLES MATERNITY (LYING-IN), MEDICAL AND CHILDREN'S CLINIC, 2 HEAVENLY DRIVE, CORNER SUSANO ROAD, SAN AGUSTIN, NOVALICHES, QUEZON CITY, METRO MANILA, PHILIPPINES",14.7288669,121.0369969
"CAMP GENERAL EMILIO AGUINALDO STATION
HOSPITAL",25,INF/DISP,"CAMP GEN. EMILIO AGUINALDO,
MURPHY,",QUEZON CITY,G,"CAMP GENERAL EMILIO AGUINALDO STATION
HOSPITAL, CAMP GEN. EMILIO AGUINALDO,
MURPHY,, QUEZON CITY, METRO MANILA, PHILIPPINES",14.6124521,121.0644414
"CAPITOL MEDICAL CENTER, INC.",200,LEVEL 3,"QUEZON AVE. COR. SCT. MAGBANUA, BRGY. PALIGSAHAN,",QUEZON CITY,P,"CAPITOL MEDICAL CENTER, INC., QUEZON AVE. COR. SCT. MAGBANUA, BRGY. PALIGSAHAN,, QUEZON CITY, METRO MANILA, PHILIPPINES",14.6342467,121.0228414
CARDINAL SANTOS MEDICAL CENTER,297,LEVEL 3,"10 WILSON ST., GREENHILLS,",SAN JUAN,P,"CARDINAL SANTOS MEDICAL CENTER, 10 WILSON ST., GREENHILLS,, SAN JUAN, METRO MANILA, PHILIPPINES",14.5977862,121.0455347
COMMONWEALTH HOSPITAL AND MEDICAL CENTER,148,LEVEL 2,"LOT 3 & 4, BLK 3, NEOPOLITAN BUSINESS PARK, BRGY. GREATER
LAGRO, NOVALICHES,",QUEZON CITY,P,"COMMONWEALTH HOSPITAL AND MEDICAL CENTER, LOT 3 & 4, BLK 3, NEOPOLITAN BUSINESS PARK, BRGY. GREATER
LAGRO, NOVALICHES,, QUEZON CITY, METRO MANILA, PHILIPPINES",14.7315309,121.0608457
"CRUZ-DALIDA  HOSPITAL, INC.",8,INF/DISP,"1025 F. SALVADOR AVE., JORDAN PLAINS SUBD., BRGY. STA. MONICA,
NOVALICHES,",QUEZON CITY,P,"CRUZ-DALIDA  HOSPITAL, INC., 1025 F. SALVADOR AVE., JORDAN PLAINS SUBD., BRGY. STA. MONICA,
NOVALICHES,, QUEZON CITY, METRO MANILA, PHILIPPINES",14.6897476,121.0832504
DE LOS SANTOS MEDICAL CENTER,150,LEVEL 3,"201 E. RODRIGUEZ SR. BLVD.,",QUEZON CITY,P,"DE LOS SANTOS MEDICAL CENTER, 201 E. RODRIGUEZ SR. BLVD.,, QUEZON CITY, METRO MANILA, PHILIPPINES",14.6201181,121.0174251
"DILIMAN DOCTORS HOSPITAL, INC.",130,LEVEL 2,"251 COMMONWEALTH AVENUE,
MATANDANG BALARA,",QUEZON CITY,P,"DILIMAN DOCTORS HOSPITAL, INC., 251 COMMONWEALTH AVENUE,
MATANDANG BALARA,, QUEZON CITY, METRO MANILA, PHILIPPINES",14.6684299,121.0761498
DR. FE DEL MUNDO MEDICAL CENTER,25,LEVEL 2,"11 BANAWE ST., BRGY. DOÑA JOSEFA,",QUEZON CITY,P,"DR. FE DEL MUNDO MEDICAL CENTER, 11 BANAWE ST., BRGY. DOÑA JOSEFA,, QUEZON CITY, METRO MANILA, PHILIPPINES",14.6204717,121.009294
DR. JESUS C. DELGADO MEMORIAL HOSPITAL,65,LEVEL 2,"7 KAMUNING ROAD,",QUEZON CITY,P,"DR. JESUS C. DELGADO MEMORIAL HOSPITAL, 7 KAMUNING ROAD,, QUEZON CITY, METRO MANILA, PHILIPPINES",14.6278031,121.0347032
"DR. MONTANO G. RAMOS GENERAL
HOSPITAL CORPORATION",25,LEVEL 1,"46 BUKIDNON ST., BAGO BANTAY,",QUEZON CITY,P,"DR. MONTANO G. RAMOS GENERAL
HOSPITAL CORPORATION, 46 BUKIDNON ST., BAGO BANTAY,, QUEZON CITY, METRO MANILA, PHILIPPINES",14.6595055,121.0235949
EAST AVENUE MEDICAL CENTER,1000,LEVEL 3,"EAST AVENUE, DILIMAN,",QUEZON CITY,G,"EAST AVENUE MEDICAL CENTER, EAST AVENUE, DILIMAN,, QUEZON CITY, METRO MANILA, PHILIPPINES",14.6421432,121.0479837
"F.Y. MANALO MEDICAL FOUNDATION, INC.",100,LEVEL 2,"COMMONWEALTH AVE., COR. TANDANG SORA AVE.,",QUEZON CITY,P,"F.Y. MANALO MEDICAL FOUNDATION, INC., COMMONWEALTH AVE., COR. TANDANG SORA AVE.,, QUEZON CITY, METRO MANILA, PHILIPPINES",14.6719537,121.0509159
"FAIRVIEW GENERAL HOSPITAL, INC.",30,LEVEL 1,"LOT 20 COR. MERCURY ST., FAIRVIEW,",QUEZON CITY,P,"FAIRVIEW GENERAL HOSPITAL, INC., LOT 20 COR. MERCURY ST., FAIRVIEW,, QUEZON CITY, METRO MANILA, PHILIPPINES",14.7056037,121.0719949
"FEU-DR. NICANOR REYES MEDICAL
FOUNDATION, INC.",300,LEVEL 3,"REGALADO AVENUE COR. DAHLIA,
WEST FAIRVIEW,",QUEZON CITY,P,"FEU-DR. NICANOR REYES MEDICAL
FOUNDATION, INC., REGALADO AVENUE COR. DAHLIA,
WEST FAIRVIEW,, QUEZON CITY, METRO MANILA, PHILIPPINES",14.6992003,121.0669756
GARCIA GENERAL HOSPITAL,24,LEVEL 1,"49 BAYAN-BAYANAN AVE., MARIKINA HEIGHTS, CONCEPCION,",MARIKINA CITY,P,"GARCIA GENERAL HOSPITAL, 49 BAYAN-BAYANAN AVE., MARIKINA HEIGHTS, CONCEPCION,, MARIKINA CITY, METRO MANILA, PHILIPPINES",14.6512038,121.1110689
"GEN. MIGUEL MALVAR MEDICAL RESEARCH
FOUNDATION, INC.",46,LEVEL 1,"531 COMMONWEALTH AVENUE,",QUEZON CITY,P,"GEN. MIGUEL MALVAR MEDICAL RESEARCH
FOUNDATION, INC., 531 COMMONWEALTH AVENUE,, QUEZON CITY, METRO MANILA, PHILIPPINES",14.6675351,121.0727304
LUNG CENTER OF THE PHILIPPINES,237,LEVEL 3,"QUEZON AVENUE,",QUEZON CITY,G,"LUNG CENTER OF THE PHILIPPINES, QUEZON AVENUE,, QUEZON CITY, METRO MANILA, PHILIPPINES",14.6477279,121.0452136
"MARIKINA ST. VINCENT GENERAL HOSPITAL,
INC.",90,LEVEL 2,"35 BAYAN-BAYANAN AVENUE,
CONCEPCION UNO,",MARIKINA CITY,P,"MARIKINA ST. VINCENT GENERAL HOSPITAL,
INC., 35 BAYAN-BAYANAN AVENUE,
CONCEPCION UNO,, MARIKINA CITY, METRO MANILA, PHILIPPINES",14.6511832,121.1073128
MARIKINA VALLEY MEDICAL CENTER,151,LEVEL 2,"SUMULONG HIGHWAY COR.
AGUINALDO ST., BRGY. STO. NIÑO,",MARIKINA CITY,P,"MARIKINA VALLEY MEDICAL CENTER, SUMULONG HIGHWAY COR.
AGUINALDO ST., BRGY. STO. NIÑO,, MARIKINA CITY, METRO MANILA, PHILIPPINES",14.6347295,121.1039907
"METRO NORTH MEDICAL CENTER AND HOSPITAL, INC.",80,LEVEL 2,"1001 MINDANAO AVE., BRGY. BAHAY TORO,",QUEZON CITY,P,"METRO NORTH MEDICAL CENTER AND HOSPITAL, INC., 1001 MINDANAO AVE., BRGY. BAHAY TORO,, QUEZON CITY, METRO MANILA, PHILIPPINES",14.668842,121.033579
NATIONAL CHILDREN'S HOSPITAL,250,LEVEL 3,"264 E. RODRIGUEZ SR. BOULEVARD,",QUEZON CITY,G,"NATIONAL CHILDREN'S HOSPITAL, 264 E. RODRIGUEZ SR. BOULEVARD,, QUEZON CITY, METRO MANILA, PHILIPPINES",14.6204405,121.0208118
"NATIONAL KIDNEY AND TRANSPLANT
INSTITUTE",315,LEVEL 3,"EAST AVENUE, DILIMAN,",QUEZON CITY,G,"NATIONAL KIDNEY AND TRANSPLANT
INSTITUTE, EAST AVENUE, DILIMAN,, QUEZON CITY, METRO MANILA, PHILIPPINES",14.6473447,121.0473288
NOVALICHES DISTRICT HOSPITAL,30,LEVEL 1,"QUIRINO HIGHWAY, SAN BARTOLOME,
NOVALICHES,",QUEZON CITY,G,"NOVALICHES DISTRICT HOSPITAL, QUIRINO HIGHWAY, SAN BARTOLOME,
NOVALICHES,, QUEZON CITY, METRO MANILA, PHILIPPINES",14.700472,121.034431
"NOVALICHES GENERAL HOSPITAL AND
MEDICAL CENTER, INC.",60,LEVEL 2,"793 QUIRINO HIGHWAY, BRGY.
GULOD, NOVALICHES,",QUEZON CITY,P,"NOVALICHES GENERAL HOSPITAL AND
MEDICAL CENTER, INC., 793 QUIRINO HIGHWAY, BRGY.
GULOD, NOVALICHES,, QUEZON CITY, METRO MANILA, PHILIPPINES",14.7094501,121.03893
"P. GONZALES MEMORIAL HOSPITAL, INC",8,INF/DISP,"582 J.P. RIZAL ST., LAMUAN,
MALANDAY,",MARIKINA CITY,P,"P. GONZALES MEMORIAL HOSPITAL, INC, 582 J.P. RIZAL ST., LAMUAN,
MALANDAY,, MARIKINA CITY, METRO MANILA, PHILIPPINES",14.6491787,121.0985024
"PACIFIC GLOBAL MEDICAL CENTER, INC.",100,LEVEL 2,"LOT 2B, MINDANAO AVENUE, BRGY.
TALIPAPA, NOVALICHES,",QUEZON CITY,P,"PACIFIC GLOBAL MEDICAL CENTER, INC., LOT 2B, MINDANAO AVENUE, BRGY.
TALIPAPA, NOVALICHES,, QUEZON CITY, METRO MANILA, PHILIPPINES",14.6885243,121.0298883
PASCUAL GENERAL HOSPITAL,12,INF/DISP,"130 M. PASCUAL ST., QUIRINO
HIGHWAY, BAESA,",QUEZON CITY,P,"PASCUAL GENERAL HOSPITAL, 130 M. PASCUAL ST., QUIRINO
HIGHWAY, BAESA,, QUEZON CITY, METRO MANILA, PHILIPPINES",14.666991,121.0090838
PHILIPPINE CHILDREN'S MEDICAL CENTER,200,LEVEL 3,"QUEZON AVENUE CORNER AGHAM ROAD, DILIMAN,",QUEZON CITY,G,"PHILIPPINE CHILDREN'S MEDICAL CENTER, QUEZON AVENUE CORNER AGHAM ROAD, DILIMAN,, QUEZON CITY, METRO MANILA, PHILIPPINES",14.6476963,121.0411248
PHILIPPINE HEART CENTER,574,LEVEL 3,"EAST AVENUE, DILIMAN,",QUEZON CITY,G,"PHILIPPINE HEART CENTER, EAST AVENUE, DILIMAN,, QUEZON CITY, METRO MANILA, PHILIPPINES",14.6441499,121.0481468
PHILIPPINE ORTHOPEDIC CENTER,700,LEVEL 3,"MA. CLARA ST. COR. BANAWE STS.,",QUEZON CITY,G,"PHILIPPINE ORTHOPEDIC CENTER, MA. CLARA ST. COR. BANAWE STS.,, QUEZON CITY, METRO MANILA, PHILIPPINES",14.6280361,121.0033881
PNP GENERAL HOSPITAL,176,LEVEL 2,"CAMP CRAME,",QUEZON CITY,G,"PNP GENERAL HOSPITAL, CAMP CRAME,, QUEZON CITY, METRO MANILA, PHILIPPINES",14.6098344,121.0525607
"PROVIDENCE HOSPITAL, INC.",75,LEVEL 2,"1515 QUEZON AVENUE, WEST
TRIANGLE,",QUEZON CITY,P,"PROVIDENCE HOSPITAL, INC., 1515 QUEZON AVENUE, WEST
TRIANGLE,, QUEZON CITY, METRO MANILA, PHILIPPINES",14.6411655,121.0317779
QUEZON CITY GENERAL HOSPITAL,250,LEVEL 3,"SEMINARY ROAD, BRGY. BAHAY TORO, PROJECT 8, EDSA",QUEZON CITY,G,"QUEZON CITY GENERAL HOSPITAL, SEMINARY ROAD, BRGY. BAHAY TORO, PROJECT 8, EDSA, QUEZON CITY, METRO MANILA, PHILIPPINES",14.6611599,121.018209
QUIRINO MEMORIAL MEDICAL CENTER,599,LEVEL 3,"KATIPUNAN ROAD, PROJECT 4,",QUEZON CITY,G,"QUIRINO MEMORIAL MEDICAL CENTER, KATIPUNAN ROAD, PROJECT 4,, QUEZON CITY, METRO MANILA, PHILIPPINES",14.6222558,121.0728482
"ROSARIO MACLANG BAUTISTA GENERAL
HOSPITAL",107,LEVEL 2,"IBP ROAD, BATASAN HILLS, DISTRICT 2,",QUEZON CITY,G,"ROSARIO MACLANG BAUTISTA GENERAL
HOSPITAL, IBP ROAD, BATASAN HILLS, DISTRICT 2,, QUEZON CITY, METRO MANILA, PHILIPPINES",14.6860552,121.0890724
SAN JUAN MEDICAL CENTER,150,LEVEL 2,"N. DOMINGO ST.,",SAN JUAN,G,"SAN JUAN MEDICAL CENTER, N. DOMINGO ST.,, SAN JUAN, METRO MANILA, PHILIPPINES",14.6063348,121.0235621
"SAN LORENZO HOSPITAL HEALTH
MANAGEMENT CO., INC.",18,LEVEL 1,"QUIRINO HIGHWAY, BRGY. PASONG
PUTIK, NOVALICHES,",QUEZON CITY,P,"SAN LORENZO HOSPITAL HEALTH
MANAGEMENT CO., INC., QUIRINO HIGHWAY, BRGY. PASONG
PUTIK, NOVALICHES,, QUEZON CITY, METRO MANILA, PHILIPPINES",14.7989985,121.068829
"SDS MEDICAL CENTER, INC.",22,LEVEL 1,"KATIPUNAN RD. COR. PIO DEL PILAR
ST., CONCEPCION 2,",MARIKINA CITY,P,"SDS MEDICAL CENTER, INC., KATIPUNAN RD. COR. PIO DEL PILAR
ST., CONCEPCION 2,, MARIKINA CITY, METRO MANILA, PHILIPPINES",14.6394204,121.1099639
"ST. ANTHONY MEDICAL CENTER OF
MARIKINA, INC.",34,LEVEL 2,"32 STA. ANA EXT. COR. BETELNUT, SAN
ROQUE,",MARIKINA CITY,P,"ST. ANTHONY MEDICAL CENTER OF
MARIKINA, INC., 32 STA. ANA EXT. COR. BETELNUT, SAN
ROQUE,, MARIKINA CITY, METRO MANILA, PHILIPPINES",14.6244715,121.1028413
ST. LUKE'S MEDICAL CENTER,509,LEVEL 3,"279 E. RODRIGUEZ SR. BLVD.,",QUEZON CITY,P,"ST. LUKE'S MEDICAL CENTER, 279 E. RODRIGUEZ SR. BLVD.,, QUEZON CITY, METRO MANILA, PHILIPPINES",14.6225328,121.0232452
ST. VICTORIA HOSPITAL,30,LEVEL 1,"444 J.P. RIZAL ST., BRGY. STO. NIÑO,
DISTRICT 1,",MARIKINA CITY,P,"ST. VICTORIA HOSPITAL, 444 J.P. RIZAL ST., BRGY. STO. NIÑO,
DISTRICT 1,, MARIKINA CITY, METRO MANILA, PHILIPPINES",14.6422207,121.0945705
UNITED DOCTORS MEDICAL CENTER,30,LEVEL 2,"6 N. RAMIREZ ST., BRGY. DON
MANUEL,",QUEZON CITY,P,"UNITED DOCTORS MEDICAL CENTER, 6 N. RAMIREZ ST., BRGY. DON
MANUEL,, QUEZON CITY, METRO MANILA, PHILIPPINES",14.6170544,121.0019352
"UNIVERSITY OF THE EAST RAMON
MAGSAYSAY MEMORIAL MEDICAL CENTER, INC.",307,LEVEL 3,"AURORA BLVD.,",QUEZON CITY,P,"UNIVERSITY OF THE EAST RAMON
MAGSAYSAY MEMORIAL MEDICAL CENTER, INC., AURORA BLVD.,, QUEZON CITY, METRO MANILA, PHILIPPINES",14.6071443,121.0207325
UP HEALTH SERVICE,25,INF/DISP,"J.P. LAUREL ST., U.P. CAMPUS,
DILIMAN,",QUEZON CITY,G,"UP HEALTH SERVICE, J.P. LAUREL ST., U.P. CAMPUS,
DILIMAN,, QUEZON CITY, METRO MANILA, PHILIPPINES",14.659808,121.0708626
"UROLOGY CENTER OF THE PHILIPPINES, INC.",16,LEVEL 1,"62 MAGINOO ST., DILIMAN,",QUEZON CITY,P,"UROLOGY CENTER OF THE PHILIPPINES, INC., 62 MAGINOO ST., DILIMAN,, QUEZON CITY, METRO MANILA, PHILIPPINES",14.6421559,121.0536182
VETERANS MEMORIAL MEDICAL CENTER,766,LEVEL 3,"NORTH AVENUE, DILIMAN,",QUEZON CITY,G,"VETERANS MEMORIAL MEDICAL CENTER, NORTH AVENUE, DILIMAN,, QUEZON CITY, METRO MANILA, PHILIPPINES",14.6561184,121.0400556
VIAN FAMILY HOSPITAL II,6,INF/DISP,"411 QUIRINO HIGHWAY, TALIPAPA,
NOVALICHES,",QUEZON CITY,P,"VIAN FAMILY HOSPITAL II, 411 QUIRINO HIGHWAY, TALIPAPA,
NOVALICHES,, QUEZON CITY, METRO MANILA, PHILIPPINES",14.6828566,121.0209514
VICTORIANO LUNA MEDICAL CENTER,1200,LEVEL 3,"V. LUNA ROAD, PINYAHAN",QUEZON CITY,G,"VICTORIANO LUNA MEDICAL CENTER, V. LUNA ROAD, PINYAHAN, QUEZON CITY, METRO MANILA, PHILIPPINES",14.6347649,121.0524293
"VILLAROSA HOSPITAL, INC.",10,INF/DISP,"11 SALALILLA ST., PROJECT 4,",QUEZON CITY,P,"VILLAROSA HOSPITAL, INC., 11 SALALILLA ST., PROJECT 4,, QUEZON CITY, METRO MANILA, PHILIPPINES",14.6219457,121.0661992
"VILLON-TANSINSIN HOSPITAL, INC.",20,LEVEL 1,"3 TOYOTA AVE. COR. GUERILLA ST.,
STO. NIÑO,",MARIKINA CITY,P,"VILLON-TANSINSIN HOSPITAL, INC., 3 TOYOTA AVE. COR. GUERILLA ST.,
STO. NIÑO,, MARIKINA CITY, METRO MANILA, PHILIPPINES",14.637248,121.0994787
"WORD OF HOPE GENERAL HOSPITAL
FOUNDATION, INC.",30,LEVEL 1,"23 BUENAMAR ST., NOVALICHES,",QUEZON CITY,P,"WORD OF HOPE GENERAL HOSPITAL
FOUNDATION, INC., 23 BUENAMAR ST., NOVALICHES,, QUEZON CITY, METRO MANILA, PHILIPPINES",14.7192817,121.0390506
WORLD CITI MEDICAL CENTER,122,LEVEL 3,"960 AURORA BLVD., BRGY. BAGONG
BUHAY,",QUEZON CITY,P,"WORLD CITI MEDICAL CENTER, 960 AURORA BLVD., BRGY. BAGONG
BUHAY,, QUEZON CITY, METRO MANILA, PHILIPPINES",14.6272442,121.0633398
ACEBEDO GENERAL HOSPITAL,16,LEVEL 1,"849 GENERAL LUIS ST., BAGBAGUIN,",CALOOCAN CITY,P,"ACEBEDO GENERAL HOSPITAL, 849 GENERAL LUIS ST., BAGBAGUIN,, CALOOCAN CITY, METRO MANILA, PHILIPPINES",14.7187229,121.0050807
"ALLIED CARE EXPERTS (ACE) MEDICAL
CENTER MANDALUYONG, INC.",55,LEVEL 2,"145 HAIG ST., BRGY. DAANG BAKAL,",MANDALUYONG CITY,P,"ALLIED CARE EXPERTS (ACE) MEDICAL
CENTER MANDALUYONG, INC., 145 HAIG ST., BRGY. DAANG BAKAL,, MANDALUYONG CITY, METRO MANILA, PHILIPPINES",14.595268,121.0267334
"ALLIED CARE EXPERTS (ACE) MEDICAL
CENTER VALENZUELA, INC.",82,LEVEL 2,"548 MC ARTHUR HIGHWAY,
MALANDAY,",VALENZUELA CITY,P,"ALLIED CARE EXPERTS (ACE) MEDICAL
CENTER VALENZUELA, INC., 548 MC ARTHUR HIGHWAY,
MALANDAY,, VALENZUELA CITY, METRO MANILA, PHILIPPINES",14.715363,120.9576404
"BERMUDEZ POLYMEDIC HOSPITAL, INC.",20,LEVEL 1,"391 MALARIA ROAD, BRGY. 185, ZONE
16, DISTRICT 1, TALA,",CALOOCAN CITY,P,"BERMUDEZ POLYMEDIC HOSPITAL, INC., 391 MALARIA ROAD, BRGY. 185, ZONE
16, DISTRICT 1, TALA,, CALOOCAN CITY, METRO MANILA, PHILIPPINES",14.7700605,121.0782644
CALOOCAN CITY MEDICAL CENTER,82,LEVEL 1,"450 A. MABINI ST.,",CALOOCAN CITY,G,"CALOOCAN CITY MEDICAL CENTER, 450 A. MABINI ST.,, CALOOCAN CITY, METRO MANILA, PHILIPPINES",14.6483271,120.9736139
CALOOCAN CITY NORTH MEDICAL CENTER,50,LEVEL 1,"SUSANO ROAD, BRGY. 177, CAMARIN,",CALOOCAN CITY,G,"CALOOCAN CITY NORTH MEDICAL CENTER, SUSANO ROAD, BRGY. 177, CAMARIN,, CALOOCAN CITY, METRO MANILA, PHILIPPINES",14.7563848,121.0502375
CAMARIN DOCTORS HOSPITAL,105,LEVEL 2,"NO. 1 CAMARIN ROAD, BRGY. 172,
CAMARIN",CALOOCAN CITY,P,"CAMARIN DOCTORS HOSPITAL, NO. 1 CAMARIN ROAD, BRGY. 172,
CAMARIN, CALOOCAN CITY, METRO MANILA, PHILIPPINES",14.7533597,121.0399162
CHINESE GENERAL HOSPITAL & MEDICAL CENTER,592,LEVEL 3,"#286 BLUMENTRITT ST.,","SANTA CRUZ, MANILA",P,"CHINESE GENERAL HOSPITAL & MEDICAL CENTER, #286 BLUMENTRITT ST.,, SANTA CRUZ, MANILA, METRO MANILA, PHILIPPINES",14.6263316,120.9877647
CURE AND CARE MATERNITY HOSPITAL OPC,18,LEVEL 1,"1068 HERMOSA ST., MANUGUIT,","TONDO, MANILA",P,"CURE AND CARE MATERNITY HOSPITAL OPC, 1068 HERMOSA ST., MANUGUIT,, TONDO, MANILA, METRO MANILA, PHILIPPINES",14.632823,120.978003
DE OCAMPO MEMORIAL MEDICAL CENTER,20,LEVEL 1,"2921 NAGTAHAN ST.,","SANTA MESA, MANILA",P,"DE OCAMPO MEMORIAL MEDICAL CENTER, 2921 NAGTAHAN ST.,, SANTA MESA, MANILA, METRO MANILA, PHILIPPINES",14.5998645,120.9996748
DR. JOSE FABELLA MEMORIAL HOSPITAL,700,LEVEL 3,"SAN LAZARO COMPOUND, TAYUMAN
ST.","SANTA CRUZ, MANILA",G,"DR. JOSE FABELLA MEMORIAL HOSPITAL, SAN LAZARO COMPOUND, TAYUMAN
ST., SANTA CRUZ, MANILA, METRO MANILA, PHILIPPINES",14.6164338,120.9806727
DR. JOSE N. RODRIGUEZ MEMORIAL HOSPITAL AND SANITARIUM,459,LEVEL 3,"ST. JOSEPH AVENUE (DR. UYGUANCO STREET), ADMINISTRATION SITE, TALA,",CALOOCAN CITY,G,"DR. JOSE N. RODRIGUEZ MEMORIAL HOSPITAL AND SANITARIUM, ST. JOSEPH AVENUE (DR. UYGUANCO STREET), ADMINISTRATION SITE, TALA,, CALOOCAN CITY, METRO MANILA, PHILIPPINES",14.766534,121.0657354
"DR. VICTOR R. POTENCIANO MEDICAL
CENTER",170,LEVEL 3,"163 EDSA,",MANDALUYONG CITY,P,"DR. VICTOR R. POTENCIANO MEDICAL
CENTER, 163 EDSA,, MANDALUYONG CITY, METRO MANILA, PHILIPPINES",14.5770225,121.0500827
"FATIMA UNIVERSITY MEDICAL CENTER
CORPORATION",150,LEVEL 3,"120 MC ARTHUR HIGHWAY, MARULAS",VALENZUELA CITY,P,"FATIMA UNIVERSITY MEDICAL CENTER
CORPORATION, 120 MC ARTHUR HIGHWAY, MARULAS, VALENZUELA CITY, METRO MANILA, PHILIPPINES",14.6780548,120.9802868
GAT ANDRES BONIFACIO MEDICAL CENTER,150,LEVEL 1,"8001 DELPAN ST.,","TONDO, MANILA",G,"GAT ANDRES BONIFACIO MEDICAL CENTER, 8001 DELPAN ST.,, TONDO, MANILA, METRO MANILA, PHILIPPINES",14.5991503,120.966062
"HOSPITAL OF THE INFANT JESUS MEDICAL
CENTER",140,LEVEL 3,"1556 LAON LAAN ROAD,","SAMPALOC, MANILA",P,"HOSPITAL OF THE INFANT JESUS MEDICAL
CENTER, 1556 LAON LAAN ROAD,, SAMPALOC, MANILA, METRO MANILA, PHILIPPINES",14.6142047,120.9892005
JOSE R. REYES MEMORIAL MEDICAL CENTER,450,LEVEL 3,"SAN LAZARO COMPOUD, RIZAL
AVENUE,","SANTA CRUZ, MANILA",G,"JOSE R. REYES MEMORIAL MEDICAL CENTER, SAN LAZARO COMPOUD, RIZAL
AVENUE,, SANTA CRUZ, MANILA, METRO MANILA, PHILIPPINES",14.6143273,120.9822566
"JUSTICE JOSE ABAD SANTOS GENERAL
HOSPITAL",150,LEVEL 1,"NUMANCIA ST.,","BINONDO, MANILA",G,"JUSTICE JOSE ABAD SANTOS GENERAL
HOSPITAL, NUMANCIA ST.,, BINONDO, MANILA, METRO MANILA, PHILIPPINES",14.597597,120.97194
"LADY OF LOURDES HOSPITAL & COLLEGES OF CAYBIGA, INC.",12,INF/DISP,"15 GEN. LUIS ST., CAYBIGA,",CALOOCAN CITY,P,"LADY OF LOURDES HOSPITAL & COLLEGES OF CAYBIGA, INC., 15 GEN. LUIS ST., CAYBIGA,, CALOOCAN CITY, METRO MANILA, PHILIPPINES",14.7191659,121.0067088
"MALABON HOSPITAL AND MEDICAL CENTER,
INC.",42,LEVEL 2,"264 GOV. PASCUAL, BRGY. CATMON,",MALABON,P,"MALABON HOSPITAL AND MEDICAL CENTER,
INC., 264 GOV. PASCUAL, BRGY. CATMON,, MALABON, METRO MANILA, PHILIPPINES",14.6703904,120.9556378
MANDALUYONG CITY MEDICAL CENTER,200,LEVEL 2,"C3 ROAD F. MARTINEZ AVE. ADDITION
HILLS",MANDALUYONG CITY,G,"MANDALUYONG CITY MEDICAL CENTER, C3 ROAD F. MARTINEZ AVE. ADDITION
HILLS, MANDALUYONG CITY, METRO MANILA, PHILIPPINES",14.582747,121.03664
"MANILA CENTRAL UNIVERSITY-DR. FILEMON
D. TANCHOCO, SR. MEDICAL FOUNDATION, INC.",81,LEVEL 3,"EDSA,",CALOOCAN CITY,P,"MANILA CENTRAL UNIVERSITY-DR. FILEMON
D. TANCHOCO, SR. MEDICAL FOUNDATION, INC., EDSA,, CALOOCAN CITY, METRO MANILA, PHILIPPINES",14.657555,120.9871406
MANILA DOCTORS HOSPITAL,300,LEVEL 3,"667 UNITED NATIONS AVE.,","ERMITA, MANILA",P,"MANILA DOCTORS HOSPITAL, 667 UNITED NATIONS AVE.,, ERMITA, MANILA, METRO MANILA, PHILIPPINES",14.5820732,120.9828408
"MARKVIM HOSPITAL, INC.",8,INF/DISP,"B8 L49 DAHLIA ST., ALMAR SUBD.,
CAMARIN,",CALOOCAN CITY,P,"MARKVIM HOSPITAL, INC., B8 L49 DAHLIA ST., ALMAR SUBD.,
CAMARIN,, CALOOCAN CITY, METRO MANILA, PHILIPPINES",14.7541289,121.046128
"MARTINEZ MEMORIAL HOSPITAL, INC.",12,LEVEL 1,"198 A. MABINI ST., MAYPAJO,",CALOOCAN CITY,P,"MARTINEZ MEMORIAL HOSPITAL, INC., 198 A. MABINI ST., MAYPAJO,, CALOOCAN CITY, METRO MANILA, PHILIPPINES",14.6388228,120.9760426
"MARY CHILES GENERAL HOSPITAL, INC.",100,LEVEL 3,"667 GASTAMBIDE ST.,","SAMPALOC, MANILA",P,"MARY CHILES GENERAL HOSPITAL, INC., 667 GASTAMBIDE ST.,, SAMPALOC, MANILA, METRO MANILA, PHILIPPINES",14.603269,120.989761
"MARY JOHNSTON HOSPITAL, INC.",120,LEVEL 3,"1221 JUAN NOLASCO ST.,","TONDO, MANILA",P,"MARY JOHNSTON HOSPITAL, INC., 1221 JUAN NOLASCO ST.,, TONDO, MANILA, METRO MANILA, PHILIPPINES",14.608999,120.966283
"MEDICAL CENTER MANILA, INC.",200,LEVEL 3,"850 UNITED NATIONS ST.,","ERMITA, MANILA",P,"MEDICAL CENTER MANILA, INC., 850 UNITED NATIONS ST.,, ERMITA, MANILA, METRO MANILA, PHILIPPINES",14.5824309,120.9855708
METROPOLITAN MEDICAL CENTER,295,LEVEL 3,"1357 MASANGKAY ST.,","SANTA CRUZ, MANILA",P,"METROPOLITAN MEDICAL CENTER, 1357 MASANGKAY ST.,, SANTA CRUZ, MANILA, METRO MANILA, PHILIPPINES",14.6096242,120.9784419
NATIONAL CENTER FOR MENTAL HEALTH,4200,LEVEL 3,"9 DE FEBRERO ST.,",MANDALUYONG CITY,G,"NATIONAL CENTER FOR MENTAL HEALTH, 9 DE FEBRERO ST.,, MANDALUYONG CITY, METRO MANILA, PHILIPPINES",14.581611,121.0441502
NAVOTAS CITY HOSPITAL,50,LEVEL 1,"M. NAVAL ST., BRGY. SAN JOSE,",NAVOTAS,G,"NAVOTAS CITY HOSPITAL, M. NAVAL ST., BRGY. SAN JOSE,, NAVOTAS, METRO MANILA, PHILIPPINES",14.6603801,120.9460787
NODADO GENERAL HOSPITAL,40,LEVEL 1,"CAPT. SAMANO ST., AREA A CAMARIN,
BRGY. 175,",CALOOCAN CITY,P,"NODADO GENERAL HOSPITAL, CAPT. SAMANO ST., AREA A CAMARIN,
BRGY. 175,, CALOOCAN CITY, METRO MANILA, PHILIPPINES",14.7564754,121.0487441
"NORTH CALOOCAN DOCTORS HOSPITAL, INC.",29,LEVEL 1,"L31 B10 QUIRINO HIGHWAY, BANKERS
VILLAGE 2,",CALOOCAN CITY,P,"NORTH CALOOCAN DOCTORS HOSPITAL, INC., L31 B10 QUIRINO HIGHWAY, BANKERS
VILLAGE 2,, CALOOCAN CITY, METRO MANILA, PHILIPPINES",14.766024,121.0847039
OSPITAL NG MALABON,34,LEVEL 1,"F. SEVILLA BOULEVARD, TAÑONG,",MALABON,G,"OSPITAL NG MALABON, F. SEVILLA BOULEVARD, TAÑONG,, MALABON, METRO MANILA, PHILIPPINES",14.6572718,120.950608
OSPITAL NG MAYNILA MEDICAL CENTER,300,LEVEL 3,"PRES. QUIRINO AVE. COR. ROXAS BLVD.,","MALATE, MANILA",G,"OSPITAL NG MAYNILA MEDICAL CENTER, PRES. QUIRINO AVE. COR. ROXAS BLVD.,, MALATE, MANILA, METRO MANILA, PHILIPPINES",14.5644279,120.9869911
OSPITAL NG SAMPALOC,50,LEVEL 1,"677 GERONIMO ST. COR. CAROLA ST.,","SAMPALOC, MANILA",G,"OSPITAL NG SAMPALOC, 677 GERONIMO ST. COR. CAROLA ST.,, SAMPALOC, MANILA, METRO MANILA, PHILIPPINES",14.6078679,120.996706
OSPITAL NG TONDO,50,LEVEL 1,"BRGY. 215, JOSE ABAD SANTOS AVE.,","TONDO, MANILA",G,"OSPITAL NG TONDO, BRGY. 215, JOSE ABAD SANTOS AVE.,, TONDO, MANILA, METRO MANILA, PHILIPPINES",14.625964,120.978381
"OUR LADY OF GRACE HOSPITAL, INC.",28,LEVEL 1,"8TH AVENUE COR. F. ROXAS ST., WEST
GRACE PARK,",CALOOCAN CITY,P,"OUR LADY OF GRACE HOSPITAL, INC., 8TH AVENUE COR. F. ROXAS ST., WEST
GRACE PARK,, CALOOCAN CITY, METRO MANILA, PHILIPPINES",14.6491397,120.9817314
OUR LADY OF LOURDES HOSPITAL,230,LEVEL 3,"46 P. SANCHEZ ST.,","SANTA MESA, MANILA",P,"OUR LADY OF LOURDES HOSPITAL, 46 P. SANCHEZ ST.,, SANTA MESA, MANILA, METRO MANILA, PHILIPPINES",14.5949547,121.0225571
"PERPETUAL SUCCOR HOSPITAL & MATERNITY, INC.",65,LEVEL 1,"836 F. CAYCO ST.,","SAMPALOC, MANILA",P,"PERPETUAL SUCCOR HOSPITAL & MATERNITY, INC., 836 F. CAYCO ST.,, SAMPALOC, MANILA, METRO MANILA, PHILIPPINES",14.6081516,120.9924268
"PRESIDENTIAL SECURITY COMMAND STATION
HOSPITAL",20,INF/DISP,"1939 MENDOZA GUANZON, MALACAÑANG PARK,","ERMITA, MANILA",G,"PRESIDENTIAL SECURITY COMMAND STATION
HOSPITAL, 1939 MENDOZA GUANZON, MALACAÑANG PARK,, ERMITA, MANILA, METRO MANILA, PHILIPPINES",14.5928324,121.0003595
SAN LAZARO HOSPITAL,363,LEVEL 3,"QUIRICADA ST.,","SANTA CRUZ, MANILA",G,"SAN LAZARO HOSPITAL, QUIRICADA ST.,, SANTA CRUZ, MANILA, METRO MANILA, PHILIPPINES",14.6136699,120.9808847
"SAN LORENZO HOSPITAL HEALTH
MANAGEMENT CO., INC.",15,INF/DISP,"24 SUSANO RD., BRGY. 170,  ZONE 15, DEPARO,",CALOOCAN CITY,P,"SAN LORENZO HOSPITAL HEALTH
MANAGEMENT CO., INC., 24 SUSANO RD., BRGY. 170,  ZONE 15, DEPARO,, CALOOCAN CITY, METRO MANILA, PHILIPPINES",14.7373166,121.032374
SAN LORENZO RUIZ GENERAL HOSPITAL,10,LEVEL 1,"25 O. REYES ST., SANTULAN",MALABON,G,"SAN LORENZO RUIZ GENERAL HOSPITAL, 25 O. REYES ST., SANTULAN, MALABON, METRO MANILA, PHILIPPINES",14.687903,120.9552991
SEAMEN'S HOSPITAL,100,LEVEL 3,"CABILDO ST., COR. SAN JOSE ST.,","INTRAMUROS, MANILA",P,"SEAMEN'S HOSPITAL, CABILDO ST., COR. SAN JOSE ST.,, INTRAMUROS, MANILA, METRO MANILA, PHILIPPINES",14.5874752,120.9776263
STA. ANA HOSPITAL,300,LEVEL 3,"2629 NEW PANADEROS ST.,","STA. ANA, MANILA",G,"STA. ANA HOSPITAL, 2629 NEW PANADEROS ST.,, STA. ANA, MANILA, METRO MANILA, PHILIPPINES",14.583335,121.016499
TONDO MEDICAL CENTER,300,LEVEL 3,"HONORIO LOPEZ BOULEVARD, BALUT,","TONDO, MANILA",G,"TONDO MEDICAL CENTER, HONORIO LOPEZ BOULEVARD, BALUT,, TONDO, MANILA, METRO MANILA, PHILIPPINES",14.6348716,120.9630926
"TRINITY WOMAN & CHILD CENTER ""THE
BIRTHPLACE""",18,LEVEL 1,"2732 NEW PANADEROS ST.,","STA. ANA, MANILA",P,"TRINITY WOMAN & CHILD CENTER ""THE
BIRTHPLACE"", 2732 NEW PANADEROS ST.,, STA. ANA, MANILA, METRO MANILA, PHILIPPINES",14.5843911,121.0174986
UNIVERSITY OF SANTO TOMAS HOSPITAL,700,LEVEL 3,"ESPAÑA BOULEVARD,","SAMPALOC, MANILA",P,"UNIVERSITY OF SANTO TOMAS HOSPITAL, ESPAÑA BOULEVARD,, SAMPALOC, MANILA, METRO MANILA, PHILIPPINES",14.6107432,120.9902641
UP-PHILIPPINE GENERAL HOSPITAL,1334,LEVEL 3,"TAFT AVENUE,","ERMITA, MANILA",G,"UP-PHILIPPINE GENERAL HOSPITAL, TAFT AVENUE,, ERMITA, MANILA, METRO MANILA, PHILIPPINES",14.5771007,120.9857861
"VALENZUELA CITICARE MEDICAL CENTER - TIMOG HILAGA PROVIDENCE GROUP, INC.",40,LEVEL 2,"KM. 14 MC ARTHUR HIGHWAY, MALINTA,",VALENZUELA CITY,P,"VALENZUELA CITICARE MEDICAL CENTER - TIMOG HILAGA PROVIDENCE GROUP, INC., KM. 14 MC ARTHUR HIGHWAY, MALINTA,, VALENZUELA CITY, METRO MANILA, PHILIPPINES",14.6956558,120.9632016
VALENZUELA CITY EMERGENCY HOSPITAL,20,INF/DISP,"G. LAZARO ST., DALANDANAN,",VALENZUELA CITY,G,"VALENZUELA CITY EMERGENCY HOSPITAL, G. LAZARO ST., DALANDANAN,, VALENZUELA CITY, METRO MANILA, PHILIPPINES",14.708803,120.957731
VALENZUELA MEDICAL CENTER,150,LEVEL 3,"PADRIGAL ST., KARUHATAN,",VALENZUELA CITY,G,"VALENZUELA MEDICAL CENTER, PADRIGAL ST., KARUHATAN,, VALENZUELA CITY, METRO MANILA, PHILIPPINES",14.6898788,120.978154
VIAN FAMILY HOSPITAL,12,INF/DISP,"3008 GEN. T. DE LEON,",VALENZUELA CITY,P,"VIAN FAMILY HOSPITAL, 3008 GEN. T. DE LEON,, VALENZUELA CITY, METRO MANILA, PHILIPPINES",14.6848979,120.9891333
A. ZARATE GENERAL HOSPITAL,17,LEVEL 1,"ATLAS COMPOUND, NAGA RD.,
PULANG LUPA UNO,",LAS PIÑAS CITY,P,"A. ZARATE GENERAL HOSPITAL, ATLAS COMPOUND, NAGA RD.,
PULANG LUPA UNO,, LAS PIÑAS CITY, METRO MANILA, PHILIPPINES",14.4685359,120.980585
ADVENTIST MEDICAL CENTER MANILA,150,LEVEL 3,"#1975 DONADA ST.,",PASAY CITY,P,"ADVENTIST MEDICAL CENTER MANILA, #1975 DONADA ST.,, PASAY CITY, METRO MANILA, PHILIPPINES",14.5557811,120.995738
AIR FORCE GENERAL HOSPITAL,100,LEVEL 2,"COLONEL JESUS VILLAMOR AIR BASE,",PASAY CITY,G,"AIR FORCE GENERAL HOSPITAL, COLONEL JESUS VILLAMOR AIR BASE,, PASAY CITY, METRO MANILA, PHILIPPINES",14.5167708,121.0196198
ALABANG MEDICAL CENTER,18,LEVEL 1,"ALABANG ZAPOTE ROAD,",MUNTINLUPA CITY,P,"ALABANG MEDICAL CENTER, ALABANG ZAPOTE ROAD,, MUNTINLUPA CITY, METRO MANILA, PHILIPPINES",14.4276189,121.0245304
ALABANG MEDICAL CLINIC,30,LEVEL 2,"90 M. L. QUEZON ST., ALABANG,",MUNTINLUPA CITY,P,"ALABANG MEDICAL CLINIC, 90 M. L. QUEZON ST., ALABANG,, MUNTINLUPA CITY, METRO MANILA, PHILIPPINES",14.4193306,121.0500039
"ALABANG MEDICAL CLINIC - LAS PIÑAS
BRANCH",18,LEVEL 1,"ALABANG-ZAPOTE RD. COR. PELAYO VILLAGE, TALON,",LAS PIÑAS CITY,P,"ALABANG MEDICAL CLINIC - LAS PIÑAS
BRANCH, ALABANG-ZAPOTE RD. COR. PELAYO VILLAGE, TALON,, LAS PIÑAS CITY, METRO MANILA, PHILIPPINES",14.4428476,120.996961
"ALABANG MEDICAL CLINIC - MUNTINLUPA
BRANCH",25,LEVEL 1,"1 NATIONAL ROAD, PUTATAN,",MUNTINLUPA CITY,P,"ALABANG MEDICAL CLINIC - MUNTINLUPA
BRANCH, 1 NATIONAL ROAD, PUTATAN,, MUNTINLUPA CITY, METRO MANILA, PHILIPPINES",14.390999,121.044445
ALFONSO SPECIALIST HOSPITAL,22,LEVEL 1,"185 DR. SIXTO ANTONIO AVE.,
ROSARIO,",PASIG CITY,P,"ALFONSO SPECIALIST HOSPITAL, 185 DR. SIXTO ANTONIO AVE.,
ROSARIO,, PASIG CITY, METRO MANILA, PHILIPPINES",14.590103,121.08476
"ALLIED CARE EXPERTS (ACE) MEDICAL
CENTER-PATEROS, INC.",58,LEVEL 2,"884 P. HERRERA ST., AGUHO,",PATEROS,P,"ALLIED CARE EXPERTS (ACE) MEDICAL
CENTER-PATEROS, INC., 884 P. HERRERA ST., AGUHO,, PATEROS, METRO MANILA, PHILIPPINES",14.5440787,121.0652003
ARMY GENERAL HOSPITAL,200,LEVEL 1,"FORT ANDRES BONIFACIO,",TAGUIG,G,"ARMY GENERAL HOSPITAL, FORT ANDRES BONIFACIO,, TAGUIG, METRO MANILA, PHILIPPINES",14.5311129,121.0476263
"ASIAN HOSPITAL, INC.",296,LEVEL 3,"2205 CIVIC DRIVE, FILINVEST
CORPORATE CITY, ALABANG",MUNTINLUPA CITY,P,"ASIAN HOSPITAL, INC., 2205 CIVIC DRIVE, FILINVEST
CORPORATE CITY, ALABANG, MUNTINLUPA CITY, METRO MANILA, PHILIPPINES",14.4134655,121.0435335
"BICUTAN MEDICAL CENTER, INC.",100,LEVEL 2,"191 M.L. QUEZON ST., NEW LOWER
BICUTAN",TAGUIG,P,"BICUTAN MEDICAL CENTER, INC., 191 M.L. QUEZON ST., NEW LOWER
BICUTAN, TAGUIG, METRO MANILA, PHILIPPINES",14.4988889,121.0633628
CALLEJO MEDICAL CLINIC,10,INF/DISP,"545-A TALON GARDEN, TALON UNO,",LAS PIÑAS CITY,P,"CALLEJO MEDICAL CLINIC, 545-A TALON GARDEN, TALON UNO,, LAS PIÑAS CITY, METRO MANILA, PHILIPPINES",14.4433933,120.9960634
"CHRIST THE KING MEDICAL CENTER
UNIHEALTH LAS PIÑAS, INC.",30,LEVEL 2,"130 REAL ST., PAMPLONA UNO,",LAS PIÑAS CITY,P,"CHRIST THE KING MEDICAL CENTER
UNIHEALTH LAS PIÑAS, INC., 130 REAL ST., PAMPLONA UNO,, LAS PIÑAS CITY, METRO MANILA, PHILIPPINES",14.458917,120.970016
"CRUZ-RABE MATERNITY & GENERAL
HOSPITAL",25,LEVEL 1,"37 GEN. LUNA ST., BRGY. TUKTUKAN,",TAGUIG,P,"CRUZ-RABE MATERNITY & GENERAL
HOSPITAL, 37 GEN. LUNA ST., BRGY. TUKTUKAN,, TAGUIG, METRO MANILA, PHILIPPINES",14.5293262,121.0707476
E. ZARATE HOSPITAL,15,LEVEL 1,"16 J. AGUILAR AVENUE, TALON I,",LAS PIÑAS CITY,P,"E. ZARATE HOSPITAL, 16 J. AGUILAR AVENUE, TALON I,, LAS PIÑAS CITY, METRO MANILA, PHILIPPINES",14.4467368,120.9941724
"FOUNDATION OF OUR LADY OF PEACE MISSION, INC. (OUR LADY OF PEACE
HOSPITAL)",90,LEVEL 1,"COASTAL ROAD, BRGY. SAN DIONISIO,",PARAÑAQUE CITY,P,"FOUNDATION OF OUR LADY OF PEACE MISSION, INC. (OUR LADY OF PEACE
HOSPITAL), COASTAL ROAD, BRGY. SAN DIONISIO,, PARAÑAQUE CITY, METRO MANILA, PHILIPPINES",14.488554,120.983682
HEALTHWAY CANCER CARE HOSPITAL,34,LEVEL 3,"LOT 26, BAGSAKAN ROAD, FTI
COMPLEX, WESTERN BICUTAN,",TAGUIG,P,"HEALTHWAY CANCER CARE HOSPITAL, LOT 26, BAGSAKAN ROAD, FTI
COMPLEX, WESTERN BICUTAN,, TAGUIG, METRO MANILA, PHILIPPINES",14.5027431,121.0480692
HOLYLIFE HOSPITAL,28,LEVEL 1,"19 PRESIDENT QUEZON ST.,
LIFEHOMES SUBD., ROSARIO,",PASIG CITY,P,"HOLYLIFE HOSPITAL, 19 PRESIDENT QUEZON ST.,
LIFEHOMES SUBD., ROSARIO,, PASIG CITY, METRO MANILA, PHILIPPINES",14.5920681,121.095712
"LAS PIÑAS CITY MEDICAL CENTER, INC.",66,LEVEL 2,"1314 MARCOS ALVAREZ AVE., TALON
V,",LAS PIÑAS CITY,P,"LAS PIÑAS CITY MEDICAL CENTER, INC., 1314 MARCOS ALVAREZ AVE., TALON
V,, LAS PIÑAS CITY, METRO MANILA, PHILIPPINES",14.4297941,121.0034361
"LAS PIÑAS DOCTORS HOSPITAL, INC.",130,LEVEL 3,"8009 JI AGUILAR AVE., PULANGLUPA 2,",LAS PIÑAS CITY,P,"LAS PIÑAS DOCTORS HOSPITAL, INC., 8009 JI AGUILAR AVE., PULANGLUPA 2,, LAS PIÑAS CITY, METRO MANILA, PHILIPPINES",14.4560002,120.9944048
"LAS PIÑAS GENERAL HOSPITAL & SATELLITE
TRAUMA CENTER",200,LEVEL 3,"BERNABE COMPOUND, PULANG LUPA,",LAS PIÑAS CITY,G,"LAS PIÑAS GENERAL HOSPITAL & SATELLITE
TRAUMA CENTER, BERNABE COMPOUND, PULANG LUPA,, LAS PIÑAS CITY, METRO MANILA, PHILIPPINES",14.4716706,120.973806
MAKATI LIFE MEDICAL CENTER,70,LEVEL 2,"MALUGAY ST., BRGY. BEL-AIR,",MAKATI CITY,P,"MAKATI LIFE MEDICAL CENTER, MALUGAY ST., BRGY. BEL-AIR,, MAKATI CITY, METRO MANILA, PHILIPPINES",14.5634889,121.0174936
MAKATI MEDICAL CENTER,600,LEVEL 3,"2 AMORSOLO ST., LEGASPI VILLAGE,",MAKATI CITY,P,"MAKATI MEDICAL CENTER, 2 AMORSOLO ST., LEGASPI VILLAGE,, MAKATI CITY, METRO MANILA, PHILIPPINES",14.559146,121.0145867
MANILA NAVAL HOSPITAL,65,LEVEL 1,"NAVAL STATION, JOSE FRANCISCO,
FORT BONIFACIO,",TAGUIG,G,"MANILA NAVAL HOSPITAL, NAVAL STATION, JOSE FRANCISCO,
FORT BONIFACIO,, TAGUIG, METRO MANILA, PHILIPPINES",14.5302984,121.0316242
"MEDICAL CENTER MUNTINLUPA, INC.",100,LEVEL 2,"38 NATIONAL ROAD, PUTATAN,",MUNTINLUPA CITY,P,"MEDICAL CENTER MUNTINLUPA, INC., 38 NATIONAL ROAD, PUTATAN,, MUNTINLUPA CITY, METRO MANILA, PHILIPPINES",14.3951053,121.045021
"MEDICAL CENTER OF TAGUIG CITY, INC.",80,LEVEL 2,"LOT 1B LEVI B. MARIANO AVENUE,
BRGY. USUSAN,",TAGUIG,P,"MEDICAL CENTER OF TAGUIG CITY, INC., LOT 1B LEVI B. MARIANO AVENUE,
BRGY. USUSAN,, TAGUIG, METRO MANILA, PHILIPPINES",14.5308767,121.0653207
"MEDICAL CENTER PARAÑAQUE, INC.",56,LEVEL 2,"DR. A. SANTOS AVE., SUCAT,",PARAÑAQUE CITY,P,"MEDICAL CENTER PARAÑAQUE, INC., DR. A. SANTOS AVE., SUCAT,, PARAÑAQUE CITY, METRO MANILA, PHILIPPINES",14.4582914,121.033451
MISSION HOSPITAL,30,LEVEL 1,"KM. 17 ORTIGAS AVENUE EXTENSION,
ROSARIO,",PASIG CITY,P,"MISSION HOSPITAL, KM. 17 ORTIGAS AVENUE EXTENSION,
ROSARIO,, PASIG CITY, METRO MANILA, PHILIPPINES",14.5898229,121.0975159
"OLIVAREZ GENERAL HOSPITAL, INC.",50,LEVEL 1,"DR. A. SANTOS AVENUE, SUCAT ROAD,",PARAÑAQUE CITY,P,"OLIVAREZ GENERAL HOSPITAL, INC., DR. A. SANTOS AVENUE, SUCAT ROAD,, PARAÑAQUE CITY, METRO MANILA, PHILIPPINES",14.4792298,120.9968424
OSPITAL NG MAKATI,300,LEVEL 3,"SAMPAGUITA ST. COR. GUMAMELA
ST., BRGY. PEMBO,",TAGUIG,G,"OSPITAL NG MAKATI, SAMPAGUITA ST. COR. GUMAMELA
ST., BRGY. PEMBO,, TAGUIG, METRO MANILA, PHILIPPINES",14.5465072,121.0617567
OSPITAL NG MUNTINLUPA,206,LEVEL 3,"CIVIC DRIVE, FILINVEST CORPORATE
CITY, ALABANG,",MUNTINLUPA CITY,G,"OSPITAL NG MUNTINLUPA, CIVIC DRIVE, FILINVEST CORPORATE
CITY, ALABANG,, MUNTINLUPA CITY, METRO MANILA, PHILIPPINES",14.4143419,121.0440011
OSPITAL NG PARAÑAQUE,83,LEVEL 1,"440 QUIRINO AVE., LA HUERTA,",PARAÑAQUE CITY,G,"OSPITAL NG PARAÑAQUE, 440 QUIRINO AVE., LA HUERTA,, PARAÑAQUE CITY, METRO MANILA, PHILIPPINES",14.5004142,120.9911214
OSPITAL NG PARAÑAQUE DISTRICT II,70,LEVEL 1,"NO. 187 TAIWAN EXTENSION CORNER DOÑA SOLEDAD AVE., DON BOSCO,",PARAÑAQUE CITY,G,"OSPITAL NG PARAÑAQUE DISTRICT II, NO. 187 TAIWAN EXTENSION CORNER DOÑA SOLEDAD AVE., DON BOSCO,, PARAÑAQUE CITY, METRO MANILA, PHILIPPINES",14.4879623,121.0242283
"PAMPLONA HOSPITAL AND MEDICAL CENTER
INC.",48,LEVEL 2,"46 ZAPOTE-ALABANG ROAD,
PAMPLONA",LAS PIÑAS CITY,P,"PAMPLONA HOSPITAL AND MEDICAL CENTER
INC., 46 ZAPOTE-ALABANG ROAD,
PAMPLONA, LAS PIÑAS CITY, METRO MANILA, PHILIPPINES",14.4631369,120.9689246
PASAY CITY GENERAL HOSPITAL,150,LEVEL 3,"P. BURGOS ST.,",PASAY CITY,G,"PASAY CITY GENERAL HOSPITAL, P. BURGOS ST.,, PASAY CITY, METRO MANILA, PHILIPPINES",14.5492968,121.0009273
"PASIG CITY CHILDREN'S HOSPITAL - CHILD'S
HOPE",64,LEVEL 2,"INDUSTRIA ST., COR. ALCALDE JOSE ST.,
KAPASIGAN,",PASIG CITY,G,"PASIG CITY CHILDREN'S HOSPITAL - CHILD'S
HOPE, INDUSTRIA ST., COR. ALCALDE JOSE ST.,
KAPASIGAN,, PASIG CITY, METRO MANILA, PHILIPPINES",14.5617792,121.0743292
PASIG CITY GENERAL HOSPITAL,200,LEVEL 3,"M. EUSEBIO AVENUE, MAYBUNGA,",PASIG CITY,G,"PASIG CITY GENERAL HOSPITAL, M. EUSEBIO AVENUE, MAYBUNGA,, PASIG CITY, METRO MANILA, PHILIPPINES",14.5721964,121.0994306
PASIG DOCTORS MEDICAL CENTER INC.,66,LEVEL 2,"254 AMANG RODRIGUEZ AVENUE,
MANGGAHAN,",PASIG CITY,P,"PASIG DOCTORS MEDICAL CENTER INC., 254 AMANG RODRIGUEZ AVENUE,
MANGGAHAN,, PASIG CITY, METRO MANILA, PHILIPPINES",14.6007047,121.0920985
"POPE JOHN PAUL II HOSPITAL AND MEDICAL
CENTER, INC.",100,LEVEL 2,"545 ALABANG-ZAPOTE ROAD, TALON III",LAS PIÑAS CITY,P,"POPE JOHN PAUL II HOSPITAL AND MEDICAL
CENTER, INC., 545 ALABANG-ZAPOTE ROAD, TALON III, LAS PIÑAS CITY, METRO MANILA, PHILIPPINES",14.4432195,120.9963143
"RECUENCO GENERAL HOSPITAL, INC.",12,LEVEL 1,"68 SAMPALOC EXTENSION, NORTH
SIGNAL VILLAGE,",TAGUIG,P,"RECUENCO GENERAL HOSPITAL, INC., 68 SAMPALOC EXTENSION, NORTH
SIGNAL VILLAGE,, TAGUIG, METRO MANILA, PHILIPPINES",14.5133526,121.0596748
"RESEARCH INSTITUTE FOR TROPICAL
MEDICINE",50,LEVEL 3,"9002 RESEARCH DRIVE, FILINVEST CORPORATE CITY, ALABANG,",MUNTINLUPA CITY,G,"RESEARCH INSTITUTE FOR TROPICAL
MEDICINE, 9002 RESEARCH DRIVE, FILINVEST CORPORATE CITY, ALABANG,, MUNTINLUPA CITY, METRO MANILA, PHILIPPINES",14.4098743,121.0371729
RIZAL MEDICAL CENTER,300,LEVEL 3,"PASIG BOULEVARD, BAGONG ILOG,",PASIG CITY,G,"RIZAL MEDICAL CENTER, PASIG BOULEVARD, BAGONG ILOG,, PASIG CITY, METRO MANILA, PHILIPPINES",14.5638837,121.0660877
"SALVE REGINA GENERAL HOSPITAL, INC.",50,LEVEL 1,"LOT A2A, MARCOS HIGHWAY, DELA
PAZ,",PASIG CITY,P,"SALVE REGINA GENERAL HOSPITAL, INC., LOT A2A, MARCOS HIGHWAY, DELA
PAZ,, PASIG CITY, METRO MANILA, PHILIPPINES",14.6199475,121.0963324
"SAN JUAN DE DIOS EDUCATIONAL
FOUNDATION, INC.",230,LEVEL 3,"2772 ROXAS BLVD.,",PASAY CITY,P,"SAN JUAN DE DIOS EDUCATIONAL
FOUNDATION, INC., 2772 ROXAS BLVD.,, PASAY CITY, METRO MANILA, PHILIPPINES",14.5378892,120.9930321
SOUTH SUPERHIGHWAY MEDICAL CENTER,50,LEVEL 2,"KM.17, WEST SERVICE ROAD, BRGY. MARCELO,",PARAÑAQUE CITY,P,"SOUTH SUPERHIGHWAY MEDICAL CENTER, KM.17, WEST SERVICE ROAD, BRGY. MARCELO,, PARAÑAQUE CITY, METRO MANILA, PHILIPPINES",14.47494,121.0448768
ST. CAMILLUS MEDICAL CENTER,24,LEVEL 2,"116 E. AMANG RODRIGUEZ AVENUE,
SANTOLAN,",PASIG CITY,P,"ST. CAMILLUS MEDICAL CENTER, 116 E. AMANG RODRIGUEZ AVENUE,
SANTOLAN,, PASIG CITY, METRO MANILA, PHILIPPINES",14.6121254,121.091848
"ST. CHRISTIANA HOSPITAL, INC.",10,LEVEL 1,"3338 KAGINHAWAAN RD., KARANGALAN VILLAGE, MANGGAHAN,",PASIG CITY,P,"ST. CHRISTIANA HOSPITAL, INC., 3338 KAGINHAWAAN RD., KARANGALAN VILLAGE, MANGGAHAN,, PASIG CITY, METRO MANILA, PHILIPPINES",14.6039035,121.102859
"ST. CLARE'S MEDICAL CENTER, INC.",27,LEVEL 2,"1838 DIAN ST.,  PALANAN,",MAKATI CITY,P,"ST. CLARE'S MEDICAL CENTER, INC., 1838 DIAN ST.,  PALANAN,, MAKATI CITY, METRO MANILA, PHILIPPINES",14.5630214,121.0013216
ST. LUKE'S MEDICAL CENTER - GLOBAL CITY,528,LEVEL 3,"RIZAL DRIVE CORNER 32ND STREET AND 5TH AVENUE, BONIFACIO GLOBAL
CITY,",TAGUIG,P,"ST. LUKE'S MEDICAL CENTER - GLOBAL CITY, RIZAL DRIVE CORNER 32ND STREET AND 5TH AVENUE, BONIFACIO GLOBAL
CITY,, TAGUIG, METRO MANILA, PHILIPPINES",14.5550704,121.0482642
TAGIG DOCTORS HOSPITAL,8,INF/DISP,"184 MANUEL L. QUEZON ST.,
BAGUMBAYAN,",TAGUIG,P,"TAGIG DOCTORS HOSPITAL, 184 MANUEL L. QUEZON ST.,
BAGUMBAYAN,, TAGUIG, METRO MANILA, PHILIPPINES",14.478894,121.061018
TAGUIG-PATEROS DISTRICT HOSPITAL,110,LEVEL 1,"EAST SERVICE ROAD, WESTERN
BICUTAN,",TAGUIG,G,"TAGUIG-PATEROS DISTRICT HOSPITAL, EAST SERVICE ROAD, WESTERN
BICUTAN,, TAGUIG, METRO MANILA, PHILIPPINES",14.5108121,121.0341273
THE MEDICAL CITY,522,LEVEL 3,"THE MEDICAL CITY COMPOUND, DON EUGENIO LOPEZ SR. MEDICAL
COMPLEX ORTIGAS AVENUE,",PASIG CITY,P,"THE MEDICAL CITY, THE MEDICAL CITY COMPOUND, DON EUGENIO LOPEZ SR. MEDICAL
COMPLEX ORTIGAS AVENUE,, PASIG CITY, METRO MANILA, PHILIPPINES",14.5903638,121.0691257
THE PREMIER MEDICAL CENTER,40,LEVEL 2,"LOT 2 AMVEL BUSINESS PARK, DR. A. SANTOS AVE., BRGY. SAN DIONISIO,
SUCAT ROAD,",PARAÑAQUE CITY,P,"THE PREMIER MEDICAL CENTER, LOT 2 AMVEL BUSINESS PARK, DR. A. SANTOS AVE., BRGY. SAN DIONISIO,
SUCAT ROAD,, PARAÑAQUE CITY, METRO MANILA, PHILIPPINES",14.4886784,120.9930975
"TRICITY MEDICAL CENTER, INC.",100,LEVEL 2,"269 C. RAYMUNDO AVENUE,
MAYBUNGA,",PASIG CITY,P,"TRICITY MEDICAL CENTER, INC., 269 C. RAYMUNDO AVENUE,
MAYBUNGA,, PASIG CITY, METRO MANILA, PHILIPPINES",14.5759104,121.0851914
"UHBI-PARAÑAQUE DOCTORS HOSPITAL, INC.",94,LEVEL 2,"175 DOÑA SOLEDAD AVE.,
BETTERLIVING SUBD.,",PARAÑAQUE CITY,P,"UHBI-PARAÑAQUE DOCTORS HOSPITAL, INC., 175 DOÑA SOLEDAD AVE.,
BETTERLIVING SUBD.,, PARAÑAQUE CITY, METRO MANILA, PHILIPPINES",14.485867,121.028415
"UNIHEALTH PARAÑAQUE HOSPITAL AND
MEDICAL CENTER, INC.",100,LEVEL 2,"DR. A SANTOS AVENUE, BRGY. SAN
ISIDRO, SUCAT ROAD,",PARAÑAQUE CITY,P,"UNIHEALTH PARAÑAQUE HOSPITAL AND
MEDICAL CENTER, INC., DR. A SANTOS AVENUE, BRGY. SAN
ISIDRO, SUCAT ROAD,, PARAÑAQUE CITY, METRO MANILA, PHILIPPINES",14.464536,121.019618
"UNIVERSITY OF PERPETUAL HELP DALTA MEDICAL CENTER, INC.",285,LEVEL 3,"ALABANG ZAPOTE ROAD, PAMPLONA TRES",LAS PIÑAS CITY,P,"UNIVERSITY OF PERPETUAL HELP DALTA MEDICAL CENTER, INC., ALABANG ZAPOTE ROAD, PAMPLONA TRES, LAS PIÑAS CITY, METRO MANILA, PHILIPPINES",14.4480913,120.9858845
